pos,pre,weight
1,0,1.0
2,0,1.0
3,0,1.0
4,0,1.0
5,0,1.0
6,0,1.0
7,0,1.0
8,0,1.0
9,0,1.0
10,0,1.0
11,0,1.0
12,0,1.0
13,0,1.0
14,0,1.0
15,0,1.0
16,0,1.0
17,0,1.0
18,0,1.0
19,0,1.0
20,0,1.0
21,0,1.0
22,0,1.0
23,0,1.0
24,0,1.0
25,0,1.0
26,0,1.0
27,0,1.0
28,0,1.0
29,0,1.0
30,0,1.0
31,0,1.0
32,0,1.0
33,0,1.0
34,0,1.0
35,0,1.0
36,0,1.0
37,0,1.0
38,0,1.0
39,0,1.0
40,0,1.0
41,0,1.0
42,0,1.0
43,0,1.0
44,0,1.0
45,0,1.0
46,0,1.0
47,0,1.0
48,0,1.0
49,0,1.0
50,0,1.0
51,0,1.0
52,0,1.0
53,0,1.0
54,0,1.0
55,0,1.0
56,0,1.0
57,0,1.0
58,0,1.0
59,0,1.0
60,0,1.0
61,0,1.0
62,0,1.0
63,0,1.0
64,0,1.0
65,0,1.0
66,0,1.0
67,0,1.0
68,0,1.0
69,0,1.0
70,0,1.0
71,0,1.0
72,0,1.0
73,0,1.0
74,0,1.0
75,0,1.0
76,0,1.0
77,0,1.0
78,0,1.0
79,0,1.0
80,0,1.0
81,0,1.0
82,0,1.0
83,0,1.0
84,0,1.0
85,0,1.0
86,0,1.0
87,0,1.0
88,0,1.0
89,0,1.0
90,0,1.0
91,0,1.0
92,0,1.0
93,0,1.0
94,0,1.0
95,0,1.0
96,0,1.0
97,0,1.0
98,0,1.0
99,0,1.0
100,0,1.0
101,0,1.0
102,0,1.0
103,0,1.0
104,0,1.0
105,0,1.0
106,0,1.0
107,0,1.0
108,0,1.0
109,0,1.0
110,0,1.0
111,0,1.0
112,0,1.0
113,0,1.0
114,0,1.0
115,0,1.0
116,0,1.0
117,0,1.0
118,0,1.0
119,0,1.0
120,0,1.0
121,0,1.0
122,0,1.0
123,0,1.0
124,0,1.0
125,0,1.0
126,0,1.0
127,0,1.0
128,0,1.0
129,0,1.0
130,0,1.0
131,0,1.0
132,0,1.0
133,0,1.0
134,0,1.0
135,0,1.0
136,0,1.0
137,0,1.0
138,0,1.0
139,0,1.0
140,0,1.0
141,0,1.0
142,0,1.0
143,0,1.0
144,0,1.0
145,0,1.0
146,0,1.0
147,0,1.0
148,0,1.0
149,0,1.0
150,0,1.0
151,0,1.0
152,0,1.0
153,0,1.0
154,0,1.0
155,0,1.0
156,0,1.0
157,0,1.0
158,0,1.0
159,0,1.0
160,0,1.0
161,0,1.0
162,0,1.0
163,0,1.0
164,0,1.0
165,0,1.0
166,0,1.0
167,0,1.0
168,0,1.0
169,0,1.0
170,0,1.0
171,0,1.0
172,0,1.0
173,0,1.0
174,0,1.0
175,0,1.0
176,0,1.0
177,0,1.0
178,0,1.0
179,0,1.0
180,0,1.0
181,0,1.0
182,0,1.0
183,0,1.0
184,0,1.0
185,0,1.0
186,0,1.0
187,0,1.0
188,0,1.0
189,0,1.0
190,0,1.0
191,0,1.0
192,0,1.0
193,0,1.0
194,0,1.0
195,0,1.0
196,0,1.0
197,0,1.0
198,0,1.0
199,0,1.0
200,0,1.0
201,0,1.0
202,0,1.0
203,0,1.0
204,0,1.0
205,0,1.0
206,0,1.0
207,0,1.0
208,0,1.0
209,0,1.0
210,0,1.0
211,0,1.0
212,0,1.0
213,0,1.0
214,0,1.0
215,0,1.0
216,0,1.0
217,0,1.0
218,0,1.0
219,0,1.0
220,0,1.0
221,0,1.0
222,0,1.0
223,0,1.0
224,0,1.0
225,0,1.0
226,0,1.0
227,0,1.0
228,0,1.0
229,0,1.0
230,0,1.0
231,0,1.0
232,0,1.0
233,0,1.0
234,0,1.0
235,0,1.0
236,0,1.0
237,0,1.0
238,0,1.0
239,0,1.0
240,0,1.0
241,0,1.0
242,0,1.0
243,0,1.0
244,0,1.0
245,0,1.0
246,0,1.0
247,0,1.0
248,0,1.0
249,0,1.0
250,0,1.0
251,0,1.0
252,0,1.0
253,0,1.0
254,0,1.0
255,0,1.0
256,0,1.0
257,0,1.0
258,0,1.0
259,0,1.0
260,0,1.0
261,0,1.0
262,0,1.0
263,0,1.0
264,0,1.0
265,0,1.0
266,0,1.0
267,0,1.0
268,0,1.0
269,0,1.0
270,0,1.0
271,0,1.0
272,0,1.0
273,0,1.0
274,0,1.0
275,0,1.0
276,0,1.0
277,0,1.0
278,0,1.0
279,0,1.0
280,0,1.0
281,0,1.0
282,0,1.0
283,0,1.0
284,0,1.0
285,0,1.0
286,0,1.0
287,0,1.0
288,0,1.0
289,0,1.0
290,0,1.0
291,0,1.0
292,0,1.0
293,0,1.0
294,0,1.0
295,0,1.0
296,0,1.0
297,0,1.0
298,0,1.0
299,0,1.0
300,0,1.0
301,0,1.0
302,0,1.0
303,0,1.0
304,0,1.0
305,0,1.0
306,0,1.0
307,0,1.0
308,0,1.0
309,0,1.0
310,0,1.0
311,0,1.0
312,0,1.0
313,0,1.0
314,0,1.0
315,0,1.0
316,0,1.0
317,0,1.0
318,0,1.0
319,0,1.0
320,0,1.0
321,0,1.0
322,0,1.0
323,0,1.0
324,0,1.0
325,0,1.0
326,0,1.0
327,0,1.0
328,0,1.0
329,0,1.0
330,0,1.0
331,0,1.0
332,0,1.0
333,0,1.0
334,0,1.0
335,0,1.0
336,0,1.0
337,0,1.0
338,0,1.0
339,0,1.0
340,0,1.0
341,0,1.0
342,0,1.0
343,0,1.0
344,0,1.0
345,0,1.0
346,0,1.0
347,0,1.0
348,0,1.0
349,0,1.0
350,0,1.0
351,0,1.0
352,0,1.0
353,0,1.0
354,0,1.0
355,0,1.0
356,0,1.0
357,0,1.0
358,0,1.0
359,0,1.0
360,0,1.0
361,0,1.0
362,0,1.0
363,0,1.0
364,0,1.0
365,0,1.0
366,0,1.0
367,0,1.0
368,0,1.0
369,0,1.0
370,0,1.0
371,0,1.0
372,0,1.0
373,0,1.0
374,0,1.0
375,0,1.0
376,0,1.0
377,0,1.0
378,0,1.0
379,0,1.0
380,0,1.0
381,0,1.0
382,0,1.0
383,0,1.0
384,0,1.0
385,0,1.0
386,0,1.0
387,0,1.0
388,0,1.0
389,0,1.0
390,0,1.0
391,0,1.0
392,0,1.0
393,0,1.0
394,0,1.0
395,0,1.0
396,0,1.0
397,0,1.0
398,0,1.0
399,0,1.0
400,0,1.0
401,0,1.0
402,0,1.0
403,0,1.0
404,0,1.0
405,0,1.0
406,0,1.0
407,0,1.0
408,0,1.0
409,0,1.0
410,0,1.0
411,0,1.0
412,0,1.0
413,0,1.0
414,0,1.0
415,0,1.0
416,0,1.0
417,0,1.0
418,0,1.0
419,0,1.0
420,0,1.0
421,0,1.0
422,0,1.0
423,0,1.0
424,0,1.0
425,0,1.0
426,0,1.0
427,0,1.0
428,0,1.0
429,0,1.0
430,0,1.0
431,0,1.0
432,0,1.0
433,0,1.0
434,0,1.0
435,0,1.0
436,0,1.0
437,0,1.0
438,0,1.0
439,0,1.0
440,0,1.0
441,0,1.0
442,0,1.0
443,0,1.0
444,0,1.0
445,0,1.0
446,0,1.0
447,0,1.0
448,0,1.0
449,0,1.0
450,0,1.0
451,0,1.0
452,0,1.0
453,0,1.0
454,0,1.0
455,0,1.0
456,0,1.0
457,0,1.0
458,0,1.0
459,0,1.0
460,0,1.0
461,0,1.0
462,0,1.0
463,0,1.0
464,0,1.0
465,0,1.0
466,0,1.0
467,0,1.0
468,0,1.0
469,0,1.0
470,0,1.0
471,0,1.0
472,0,1.0
473,0,1.0
474,0,1.0
475,0,1.0
476,0,1.0
477,0,1.0
478,0,1.0
479,0,1.0
480,0,1.0
481,0,1.0
482,0,1.0
483,0,1.0
484,0,1.0
485,0,1.0
486,0,1.0
487,0,1.0
488,0,1.0
489,0,1.0
490,0,1.0
491,0,1.0
492,0,1.0
493,0,1.0
494,0,1.0
495,0,1.0
496,0,1.0
497,0,1.0
498,0,1.0
499,0,1.0
500,0,1.0
501,0,1.0
502,0,1.0
503,0,1.0
504,0,1.0
505,0,1.0
506,0,1.0
507,0,1.0
508,0,1.0
509,0,1.0
510,0,1.0
511,0,1.0
512,0,1.0
513,0,1.0
514,0,1.0
515,0,1.0
516,0,1.0
517,0,1.0
518,0,1.0
519,0,1.0
520,0,1.0
521,0,1.0
522,0,1.0
523,0,1.0
524,0,1.0
525,0,1.0
526,0,1.0
527,0,1.0
528,0,1.0
529,0,1.0
530,0,1.0
531,0,1.0
532,0,1.0
533,0,1.0
534,0,1.0
535,0,1.0
536,0,1.0
537,0,1.0
538,0,1.0
539,0,1.0
540,0,1.0
541,0,1.0
542,0,1.0
543,0,1.0
544,0,1.0
545,0,1.0
546,0,1.0
547,0,1.0
548,0,1.0
549,0,1.0
550,0,1.0
551,0,1.0
552,0,1.0
553,0,1.0
554,0,1.0
555,0,1.0
556,0,1.0
557,0,1.0
558,0,1.0
559,0,1.0
560,0,1.0
561,0,1.0
562,0,1.0
563,0,1.0
564,0,1.0
565,0,1.0
566,0,1.0
567,0,1.0
568,0,1.0
569,0,1.0
570,0,1.0
571,0,1.0
572,0,1.0
573,0,1.0
574,0,1.0
575,0,1.0
576,0,1.0
0,2307,1.0
0,2308,1.0
0,2309,1.0
0,2310,1.0
0,2311,1.0
0,2312,1.0
0,2313,1.0
0,2314,1.0
0,2315,1.0
0,2316,1.0
2307,1,1.0
2308,1,1.0
2309,1,1.0
2310,1,1.0
2311,1,1.0
2312,1,1.0
2313,1,1.0
2314,1,1.0
2315,1,1.0
2316,1,1.0
2307,2,1.0
2308,2,1.0
2309,2,1.0
2310,2,1.0
2311,2,1.0
2312,2,1.0
2313,2,1.0
2314,2,1.0
2315,2,1.0
2316,2,1.0
2307,3,1.0
2308,3,1.0
2309,3,1.0
2310,3,1.0
2311,3,1.0
2312,3,1.0
2313,3,1.0
2314,3,1.0
2315,3,1.0
2316,3,1.0
2307,4,1.0
2308,4,1.0
2309,4,1.0
2310,4,1.0
2311,4,1.0
2312,4,1.0
2313,4,1.0
2314,4,1.0
2315,4,1.0
2316,4,1.0
2307,5,1.0
2308,5,1.0
2309,5,1.0
2310,5,1.0
2311,5,1.0
2312,5,1.0
2313,5,1.0
2314,5,1.0
2315,5,1.0
2316,5,1.0
2307,6,1.0
2308,6,1.0
2309,6,1.0
2310,6,1.0
2311,6,1.0
2312,6,1.0
2313,6,1.0
2314,6,1.0
2315,6,1.0
2316,6,1.0
2307,7,1.0
2308,7,1.0
2309,7,1.0
2310,7,1.0
2311,7,1.0
2312,7,1.0
2313,7,1.0
2314,7,1.0
2315,7,1.0
2316,7,1.0
2307,8,1.0
2308,8,1.0
2309,8,1.0
2310,8,1.0
2311,8,1.0
2312,8,1.0
2313,8,1.0
2314,8,1.0
2315,8,1.0
2316,8,1.0
2307,9,1.0
2308,9,1.0
2309,9,1.0
2310,9,1.0
2311,9,1.0
2312,9,1.0
2313,9,1.0
2314,9,1.0
2315,9,1.0
2316,9,1.0
2307,10,1.0
2308,10,1.0
2309,10,1.0
2310,10,1.0
2311,10,1.0
2312,10,1.0
2313,10,1.0
2314,10,1.0
2315,10,1.0
2316,10,1.0
2307,11,1.0
2308,11,1.0
2309,11,1.0
2310,11,1.0
2311,11,1.0
2312,11,1.0
2313,11,1.0
2314,11,1.0
2315,11,1.0
2316,11,1.0
2307,12,1.0
2308,12,1.0
2309,12,1.0
2310,12,1.0
2311,12,1.0
2312,12,1.0
2313,12,1.0
2314,12,1.0
2315,12,1.0
2316,12,1.0
2307,13,1.0
2308,13,1.0
2309,13,1.0
2310,13,1.0
2311,13,1.0
2312,13,1.0
2313,13,1.0
2314,13,1.0
2315,13,1.0
2316,13,1.0
2307,14,1.0
2308,14,1.0
2309,14,1.0
2310,14,1.0
2311,14,1.0
2312,14,1.0
2313,14,1.0
2314,14,1.0
2315,14,1.0
2316,14,1.0
2307,15,1.0
2308,15,1.0
2309,15,1.0
2310,15,1.0
2311,15,1.0
2312,15,1.0
2313,15,1.0
2314,15,1.0
2315,15,1.0
2316,15,1.0
2307,16,1.0
2308,16,1.0
2309,16,1.0
2310,16,1.0
2311,16,1.0
2312,16,1.0
2313,16,1.0
2314,16,1.0
2315,16,1.0
2316,16,1.0
2307,17,1.0
2308,17,1.0
2309,17,1.0
2310,17,1.0
2311,17,1.0
2312,17,1.0
2313,17,1.0
2314,17,1.0
2315,17,1.0
2316,17,1.0
2307,18,1.0
2308,18,0.96486585930392942956
2309,18,1.0
2310,18,1.0
2311,18,1.0
2312,18,1.0
2313,18,1.0
2314,18,1.0
2315,18,1.0
2316,18,1.0
2307,19,1.0
2308,19,0.9451307865113359741
2309,19,1.0
2310,19,1.0
2311,19,1.0
2312,19,1.0
2313,19,1.0
2314,19,1.0
2315,19,1.0
2316,19,1.0
2307,20,1.0
2308,20,0.96878231022390781657
2309,20,1.0
2310,20,1.0
2311,20,1.0
2312,20,1.0
2313,20,1.0
2314,20,1.0
2315,20,1.0
2316,20,1.0
2307,21,1.0
2308,21,1.0
2309,21,1.0
2310,21,1.0
2311,21,1.0
2312,21,1.0
2313,21,1.0
2314,21,1.0
2315,21,1.0
2316,21,1.0
2307,22,1.0
2308,22,1.0
2309,22,1.0
2310,22,1.0
2311,22,1.0
2312,22,1.0
2313,22,1.0
2314,22,1.0
2315,22,1.0
2316,22,1.0
2307,23,1.0
2308,23,1.0
2309,23,1.0
2310,23,1.0
2311,23,1.0
2312,23,1.0
2313,23,1.0
2314,23,1.0
2315,23,1.0
2316,23,1.0
2307,24,1.0
2308,24,1.0
2309,24,1.0
2310,24,1.0
2311,24,1.0
2312,24,1.0
2313,24,1.0
2314,24,1.0
2315,24,1.0
2316,24,1.0
2307,25,1.0
2308,25,1.0
2309,25,1.0
2310,25,1.0
2311,25,1.0
2312,25,1.0
2313,25,1.0
2314,25,1.0
2315,25,1.0
2316,25,1.0
2307,26,1.0
2308,26,1.0
2309,26,1.0
2310,26,1.0
2311,26,1.0
2312,26,1.0
2313,26,1.0
2314,26,1.0
2315,26,1.0
2316,26,1.0
2307,27,1.0
2308,27,1.0
2309,27,1.0
2310,27,1.0
2311,27,1.0
2312,27,1.0
2313,27,1.0
2314,27,1.0
2315,27,1.0
2316,27,1.0
2307,28,1.0
2308,28,1.0
2309,28,1.0
2310,28,1.0
2311,28,1.0
2312,28,1.0
2313,28,1.0
2314,28,1.0
2315,28,1.0
2316,28,1.0
2307,29,1.0
2308,29,1.0
2309,29,1.0
2310,29,1.0
2311,29,0.96691003638443318025
2312,29,1.0
2313,29,1.0
2314,29,1.0
2315,29,1.0
2316,29,1.0
2307,30,1.0
2308,30,0.93270630968085233015
2309,30,1.0
2310,30,1.0
2311,30,5.72086223037719499
2312,30,1.0
2313,30,1.0
2314,30,1.0
2315,30,1.0
2316,30,1.0
2307,31,1.0
2308,31,7.0166315113109192225
2309,31,1.0
2310,31,1.0
2311,31,0.9792107693045667416
2312,31,1.0
2313,31,1.0
2314,31,1.0
2315,31,1.0
2316,31,1.0
2307,32,1.0
2308,32,0.92442629748041271753
2309,32,1.0
2310,32,1.0
2311,32,1.0
2312,32,1.0
2313,32,1.0
2314,32,1.0
2315,32,1.0
2316,32,1.0
2307,33,1.0
2308,33,1.0
2309,33,1.0
2310,33,1.0
2311,33,0.98353474623628944773
2312,33,1.0
2313,33,1.0
2314,33,1.0
2315,33,1.0
2316,33,1.0
2307,34,1.0
2308,34,1.0
2309,34,1.0
2310,34,1.0
2311,34,3.7146941201472167826
2312,34,1.0
2313,34,1.0
2314,34,1.0
2315,34,1.0
2316,34,1.0
2307,35,1.0
2308,35,1.0
2309,35,1.0
2310,35,1.0
2311,35,4.4872342582923137044
2312,35,1.0
2313,35,1.0
2314,35,1.0
2315,35,1.0
2316,35,1.0
2307,36,1.0
2308,36,1.0
2309,36,1.0
2310,36,1.0
2311,36,0.9967561226414823894
2312,36,1.0
2313,36,1.0
2314,36,1.0
2315,36,1.0
2316,36,1.0
2307,37,1.0
2308,37,1.0
2309,37,1.0
2310,37,1.0
2311,37,1.0
2312,37,1.0
2313,37,1.0
2314,37,1.0
2315,37,1.0
2316,37,1.0
2307,38,1.0
2308,38,1.0
2309,38,1.0
2310,38,1.0
2311,38,1.0
2312,38,1.0
2313,38,1.0
2314,38,1.0
2315,38,1.0
2316,38,1.0
2307,39,1.0
2308,39,1.0
2309,39,1.0
2310,39,1.0
2311,39,1.0
2312,39,1.0
2313,39,1.0
2314,39,1.0
2315,39,1.0
2316,39,1.0
2307,40,1.0
2308,40,1.0
2309,40,1.0
2310,40,1.0
2311,40,0.99203699118636856635
2312,40,1.0
2313,40,1.0
2314,40,1.0
2315,40,1.0
2316,40,1.0
2307,41,1.0
2308,41,1.0
2309,41,1.0
2310,41,1.0
2311,41,3.4801576950179997638
2312,41,1.0
2313,41,1.0
2314,41,1.0
2315,41,1.0
2316,41,1.0
2307,42,1.0
2308,42,0.93270630968085233015
2309,42,1.0
2310,42,1.0
2311,42,3.2241538519094907755
2312,42,1.0
2313,42,1.0
2314,42,1.0
2315,42,1.0
2316,42,1.0
2307,43,1.0
2308,43,7.471118648090333103
2309,43,1.0
2310,43,1.0
2311,43,0.9792107693045667416
2312,43,1.0
2313,43,1.0
2314,43,1.0
2315,43,1.0
2316,43,1.0
2307,44,1.0
2308,44,0.9456631196988841692
2309,44,1.0
2310,44,1.0
2311,44,1.0
2312,44,1.0
2313,44,1.0
2314,44,1.0
2315,44,1.0
2316,44,1.0
2307,45,1.0
2308,45,1.0
2309,45,1.0
2310,45,1.0
2311,45,0.95662697123921092146
2312,45,1.0
2313,45,1.0
2314,45,1.0
2315,45,1.0
2316,45,1.0
2307,46,1.0
2308,46,1.0
2309,46,1.0
2310,46,1.0
2311,46,3.5803087005910789742
2312,46,1.0
2313,46,1.0
2314,46,1.0
2315,46,1.0
2316,46,1.0
2307,47,1.0
2308,47,1.0
2309,47,1.0
2310,47,1.0
2311,47,0.94825975806492357467
2312,47,1.0
2313,47,1.0
2314,47,1.0
2315,47,1.0
2316,47,1.0
2307,48,1.0
2308,48,1.0
2309,48,1.0
2310,48,1.0
2311,48,1.0
2312,48,1.0
2313,48,1.0
2314,48,1.0
2315,48,1.0
2316,48,1.0
2307,49,1.0
2308,49,1.0
2309,49,1.0
2310,49,1.0
2311,49,1.0
2312,49,1.0
2313,49,1.0
2314,49,1.0
2315,49,1.0
2316,49,1.0
2307,50,1.0
2308,50,1.0
2309,50,1.0
2310,50,1.0
2311,50,1.0
2312,50,1.0
2313,50,1.0
2314,50,1.0
2315,50,1.0
2316,50,1.0
2307,51,1.0
2308,51,1.0
2309,51,1.0
2310,51,1.0
2311,51,1.0
2312,51,1.0
2313,51,1.0
2314,51,1.0
2315,51,1.0
2316,51,1.0
2307,52,1.0
2308,52,1.0
2309,52,1.0
2310,52,1.0
2311,52,4.9103990612812493666
2312,52,1.0
2313,52,1.0
2314,52,1.0
2315,52,1.0
2316,52,1.0
2307,53,1.0
2308,53,1.0
2309,53,1.0
2310,53,1.0
2311,53,3.0750590365665235737
2312,53,1.0
2313,53,1.0
2314,53,1.0
2315,53,1.0
2316,53,1.0
2307,54,1.0
2308,54,0.94619042189753721495
2309,54,1.0
2310,54,1.0
2311,54,4.702152067223932974
2312,54,1.0
2313,54,1.0
2314,54,1.0
2315,54,1.0
2316,54,1.0
2307,55,1.0
2308,55,6.977626798230096128
2309,55,1.0
2310,55,1.0
2311,55,1.0
2312,55,1.0
2313,55,1.0
2314,55,1.0
2315,55,1.0
2316,55,1.0
2307,56,1.0
2308,56,0.92728988486403118863
2309,56,1.0
2310,56,1.0
2311,56,0.9828675836855645942
2312,56,1.0
2313,56,1.0
2314,56,1.0
2315,56,1.0
2316,56,1.0
2307,57,1.0
2308,57,1.0
2309,57,1.0
2310,57,1.0
2311,57,3.5549020154537585015
2312,57,1.0
2313,57,1.0
2314,57,1.0
2315,57,1.0
2316,57,1.0
2307,58,1.0
2308,58,1.0
2309,58,1.0
2310,58,1.0
2311,58,3.1913363360133035762
2312,58,1.0
2313,58,1.0
2314,58,1.0
2315,58,1.0
2316,58,1.0
2307,59,1.0
2308,59,1.0
2309,59,1.0
2310,59,1.0
2311,59,0.98361630646567388414
2312,59,1.0
2313,59,1.0
2314,59,1.0
2315,59,1.0
2316,59,1.0
2307,60,1.0
2308,60,1.0
2309,60,1.0
2310,60,1.0
2311,60,1.0
2312,60,1.0
2313,60,1.0
2314,60,1.0
2315,60,1.0
2316,60,1.0
2307,61,1.0
2308,61,1.0
2309,61,1.0
2310,61,1.0
2311,61,1.0
2312,61,1.0
2313,61,1.0
2314,61,1.0
2315,61,1.0
2316,61,1.0
2307,62,1.0
2308,62,1.0
2309,62,1.0
2310,62,1.0
2311,62,1.0
2312,62,1.0
2313,62,1.0
2314,62,1.0
2315,62,1.0
2316,62,1.0
2307,63,1.0
2308,63,1.0
2309,63,1.0
2310,63,1.0
2311,63,0.96540907869913461514
2312,63,1.0
2313,63,1.0
2314,63,1.0
2315,63,1.0
2316,63,1.0
2307,64,1.0
2308,64,1.0
2309,64,1.0
2310,64,1.0
2311,64,2.7270549406680260063
2312,64,1.0
2313,64,1.0
2314,64,1.0
2315,64,1.0
2316,64,1.0
2307,65,1.0
2308,65,1.0
2309,65,1.0
2310,65,1.0
2311,65,3.1166164580567663478
2312,65,1.0
2313,65,1.0
2314,65,1.0
2315,65,1.0
2316,65,1.0
2307,66,1.0
2308,66,0.93270630968085233015
2309,66,1.0
2310,66,1.0
2311,66,0.98616289539867763025
2312,66,1.0
2313,66,1.0
2314,66,1.0
2315,66,1.0
2316,66,1.0
2307,67,1.0
2308,67,8.889202076308915679
2309,67,1.0
2310,67,1.0
2311,67,0.9938554592742420146
2312,67,1.0
2313,67,1.0
2314,67,1.0
2315,67,1.0
2316,67,1.0
2307,68,1.0
2308,68,0.94875302781606518643
2309,68,1.0
2310,68,1.0
2311,68,3.671215929838034242
2312,68,1.0
2313,68,1.0
2314,68,1.0
2315,68,1.0
2316,68,1.0
2307,69,1.0
2308,69,1.0
2309,69,1.0
2310,69,1.0
2311,69,3.0042710111799779682
2312,69,1.0
2313,69,1.0
2314,69,1.0
2315,69,1.0
2316,69,1.0
2307,70,1.0
2308,70,1.0
2309,70,1.0
2310,70,1.0
2311,70,4.108583482534560183
2312,70,1.0
2313,70,1.0
2314,70,1.0
2315,70,1.0
2316,70,1.0
2307,71,1.0
2308,71,1.0
2309,71,1.0
2310,71,1.0
2311,71,0.98998632329340918723
2312,71,1.0
2313,71,1.0
2314,71,1.0
2315,71,1.0
2316,71,1.0
2307,72,1.0
2308,72,1.0
2309,72,1.0
2310,72,1.0
2311,72,1.0
2312,72,1.0
2313,72,1.0
2314,72,1.0
2315,72,1.0
2316,72,1.0
2307,73,1.0
2308,73,1.0
2309,73,1.0
2310,73,1.0
2311,73,1.0
2312,73,1.0
2313,73,1.0
2314,73,1.0
2315,73,1.0
2316,73,1.0
2307,74,1.0
2308,74,1.0
2309,74,1.0
2310,74,1.0
2311,74,0.9697219043599254462
2312,74,1.0
2313,74,1.0
2314,74,1.0
2315,74,1.0
2316,74,1.0
2307,75,1.0
2308,75,1.0
2309,75,1.0
2310,75,1.0
2311,75,2.718501445705872488
2312,75,1.0
2313,75,1.0
2314,75,1.0
2315,75,1.0
2316,75,1.0
2307,76,1.0
2308,76,1.0
2309,76,1.0
2310,76,1.0
2311,76,2.6352466651479047322
2312,76,1.0
2313,76,1.0
2314,76,1.0
2315,76,1.0
2316,76,1.0
2307,77,1.0
2308,77,1.0
2309,77,1.0
2310,77,1.0
2311,77,2.6433885851601490735
2312,77,1.0
2313,77,1.0
2314,77,1.0
2315,77,1.0
2316,77,1.0
2307,78,1.0
2308,78,0.9320512079704206254
2309,78,1.0
2310,78,1.0
2311,78,2.6680567080553259096
2312,78,1.0
2313,78,1.0
2314,78,1.0
2315,78,1.0
2316,78,1.0
2307,79,1.0
2308,79,7.4086519103879959758
2309,79,1.0
2310,79,1.0
2311,79,3.014235031262809894
2312,79,1.0
2313,79,1.0
2314,79,1.0
2315,79,1.0
2316,79,1.0
2307,80,1.0
2308,80,0.92442629748041271753
2309,80,1.0
2310,80,1.0
2311,80,2.651570767940182094
2312,80,1.0
2313,80,1.0
2314,80,1.0
2315,80,1.0
2316,80,1.0
2307,81,1.0
2308,81,1.0
2309,81,1.0
2310,81,1.0
2311,81,2.6352466651479047322
2312,81,1.0
2313,81,1.0
2314,81,1.0
2315,81,1.0
2316,81,1.0
2307,82,1.0
2308,82,1.0
2309,82,1.0
2310,82,1.0
2311,82,2.9746713068158756599
2312,82,1.0
2313,82,1.0
2314,82,1.0
2315,82,1.0
2316,82,1.0
2307,83,1.0
2308,83,1.0
2309,83,1.0
2310,83,1.0
2311,83,0.9747817726934159266
2312,83,1.0
2313,83,1.0
2314,83,1.0
2315,83,1.0
2316,83,1.0
2307,84,1.0
2308,84,1.0
2309,84,1.0
2310,84,1.0
2311,84,1.0
2312,84,1.0
2313,84,1.0
2314,84,1.0
2315,84,1.0
2316,84,1.0
2307,85,1.0
2308,85,1.0
2309,85,1.0
2310,85,1.0
2311,85,1.0
2312,85,1.0
2313,85,1.0
2314,85,1.0
2315,85,1.0
2316,85,1.0
2307,86,1.0
2308,86,1.0
2309,86,1.0
2310,86,1.0
2311,86,0.9620167737347196102
2312,86,1.0
2313,86,1.0
2314,86,1.0
2315,86,1.0
2316,86,1.0
2307,87,1.0
2308,87,1.0
2309,87,1.0
2310,87,1.0
2311,87,2.9844893841750863572
2312,87,1.0
2313,87,1.0
2314,87,1.0
2315,87,1.0
2316,87,1.0
2307,88,1.0
2308,88,1.0
2309,88,1.0
2310,88,1.0
2311,88,4.1556155354659560786
2312,88,1.0
2313,88,1.0
2314,88,1.0
2315,88,1.0
2316,88,1.0
2307,89,1.0
2308,89,1.0
2309,89,1.0
2310,89,1.0
2311,89,3.7010728318179224594
2312,89,1.0
2313,89,1.0
2314,89,1.0
2315,89,1.0
2316,89,1.0
2307,90,1.0
2308,90,0.9398139034105144063
2309,90,1.0
2310,90,1.0
2311,90,2.6352466651479047322
2312,90,1.0
2313,90,1.0
2314,90,1.0
2315,90,1.0
2316,90,1.0
2307,91,1.0
2308,91,7.9925058837727682715
2309,91,1.0
2310,91,1.0
2311,91,2.6352466651479047322
2312,91,1.0
2313,91,1.0
2314,91,1.0
2315,91,1.0
2316,91,1.0
2307,92,1.0
2308,92,0.9456631196988841692
2309,92,1.0
2310,92,1.0
2311,92,2.6352466651479047322
2312,92,1.0
2313,92,1.0
2314,92,1.0
2315,92,1.0
2316,92,1.0
2307,93,1.0
2308,93,1.0
2309,93,1.0
2310,93,1.0
2311,93,2.6433885851601490735
2312,93,1.0
2313,93,1.0
2314,93,1.0
2315,93,1.0
2316,93,1.0
2307,94,1.0
2308,94,1.0
2309,94,1.0
2310,94,1.0
2311,94,5.72086223037719499
2312,94,1.0
2313,94,1.0
2314,94,1.0
2315,94,1.0
2316,94,1.0
2307,95,1.0
2308,95,1.0
2309,95,1.0
2310,95,1.0
2311,95,1.0
2312,95,1.0
2313,95,1.0
2314,95,1.0
2315,95,1.0
2316,95,1.0
2307,96,1.0
2308,96,1.0
2309,96,1.0
2310,96,1.0
2311,96,1.0
2312,96,1.0
2313,96,1.0
2314,96,1.0
2315,96,1.0
2316,96,1.0
2307,97,1.0
2308,97,1.0
2309,97,1.0
2310,97,1.0
2311,97,1.0
2312,97,1.0
2313,97,1.0
2314,97,1.0
2315,97,1.0
2316,97,1.0
2307,98,1.0
2308,98,1.0
2309,98,1.0
2310,98,1.0
2311,98,1.0
2312,98,1.0
2313,98,1.0
2314,98,1.0
2315,98,1.0
2316,98,1.0
2307,99,1.0
2308,99,1.0
2309,99,1.0
2310,99,1.0
2311,99,1.0
2312,99,1.0
2313,99,1.0
2314,99,1.0
2315,99,1.0
2316,99,1.0
2307,100,1.0
2308,100,1.0
2309,100,1.0
2310,100,1.0
2311,100,1.0
2312,100,1.0
2313,100,1.0
2314,100,1.0
2315,100,1.0
2316,100,1.0
2307,101,1.0
2308,101,1.0
2309,101,1.0
2310,101,1.0
2311,101,1.0
2312,101,1.0
2313,101,1.0
2314,101,1.0
2315,101,1.0
2316,101,1.0
2307,102,1.0
2308,102,0.9652099053928134831
2309,102,1.0
2310,102,1.0
2311,102,5.1505285237463800385
2312,102,1.0
2313,102,1.0
2314,102,1.0
2315,102,1.0
2316,102,1.0
2307,103,1.0
2308,103,0.9323795259200469143
2309,103,1.0
2310,103,1.0
2311,103,2.6680567080553259096
2312,103,1.0
2313,103,1.0
2314,103,1.0
2315,103,1.0
2316,103,1.0
2307,104,1.0
2308,104,0.9598806531055043001
2309,104,1.0
2310,104,1.0
2311,104,3.618888051984208598
2312,104,1.0
2313,104,1.0
2314,104,1.0
2315,104,1.0
2316,104,1.0
2307,105,1.0
2308,105,1.0
2309,105,1.0
2310,105,1.0
2311,105,0.9935089790026557788
2312,105,1.0
2313,105,1.0
2314,105,1.0
2315,105,1.0
2316,105,1.0
2307,106,1.0
2308,106,1.0
2309,106,1.0
2310,106,1.0
2311,106,1.0
2312,106,1.0
2313,106,1.0
2314,106,1.0
2315,106,1.0
2316,106,1.0
2307,107,1.0
2308,107,1.0
2309,107,1.0
2310,107,1.0
2311,107,1.0
2312,107,1.0
2313,107,1.0
2314,107,1.0
2315,107,1.0
2316,107,1.0
2307,108,1.0
2308,108,1.0
2309,108,1.0
2310,108,1.0
2311,108,1.0
2312,108,1.0
2313,108,1.0
2314,108,1.0
2315,108,1.0
2316,108,1.0
2307,109,1.0
2308,109,1.0
2309,109,1.0
2310,109,1.0
2311,109,1.0
2312,109,1.0
2313,109,1.0
2314,109,1.0
2315,109,1.0
2316,109,1.0
2307,110,1.0
2308,110,1.0
2309,110,1.0
2310,110,1.0
2311,110,1.0
2312,110,1.0
2313,110,1.0
2314,110,1.0
2315,110,1.0
2316,110,1.0
2307,111,1.0
2308,111,1.0
2309,111,1.0
2310,111,1.0
2311,111,1.0
2312,111,1.0
2313,111,1.0
2314,111,1.0
2315,111,1.0
2316,111,1.0
2307,112,1.0
2308,112,1.0
2309,112,1.0
2310,112,1.0
2311,112,1.0
2312,112,1.0
2313,112,1.0
2314,112,1.0
2315,112,1.0
2316,112,1.0
2307,113,1.0
2308,113,1.0
2309,113,1.0
2310,113,1.0
2311,113,0.98609393807272383015
2312,113,1.0
2313,113,1.0
2314,113,1.0
2315,113,1.0
2316,113,1.0
2307,114,1.0
2308,114,0.96486585930392942956
2309,114,1.0
2310,114,1.0
2311,114,3.0343106689350487493
2312,114,1.0
2313,114,1.0
2314,114,1.0
2315,114,1.0
2316,114,1.0
2307,115,1.0
2308,115,6.2497680161559356904
2309,115,1.0
2310,115,1.0
2311,115,2.79702197359964444
2312,115,1.0
2313,115,1.0
2314,115,1.0
2315,115,1.0
2316,115,1.0
2307,116,1.0
2308,116,8.233163779312526742
2309,116,1.0
2310,116,1.0
2311,116,0.966746485577181347
2312,116,1.0
2313,116,1.0
2314,116,1.0
2315,116,1.0
2316,116,1.0
2307,117,1.0
2308,117,0.99453834440558563923
2309,117,1.0
2310,117,1.0
2311,117,1.0
2312,117,1.0
2313,117,1.0
2314,117,1.0
2315,117,1.0
2316,117,1.0
2307,118,1.0
2308,118,1.0
2309,118,1.0
2310,118,1.0
2311,118,1.0
2312,118,1.0
2313,118,1.0
2314,118,1.0
2315,118,1.0
2316,118,1.0
2307,119,1.0
2308,119,1.0
2309,119,1.0
2310,119,1.0
2311,119,1.0
2312,119,1.0
2313,119,1.0
2314,119,1.0
2315,119,1.0
2316,119,1.0
2307,120,1.0
2308,120,1.0
2309,120,1.0
2310,120,1.0
2311,120,1.0
2312,120,1.0
2313,120,1.0
2314,120,1.0
2315,120,1.0
2316,120,1.0
2307,121,1.0
2308,121,1.0
2309,121,1.0
2310,121,1.0
2311,121,1.0
2312,121,1.0
2313,121,1.0
2314,121,1.0
2315,121,1.0
2316,121,1.0
2307,122,1.0
2308,122,1.0
2309,122,1.0
2310,122,1.0
2311,122,1.0
2312,122,1.0
2313,122,1.0
2314,122,1.0
2315,122,1.0
2316,122,1.0
2307,123,1.0
2308,123,1.0
2309,123,1.0
2310,123,1.0
2311,123,1.0
2312,123,1.0
2313,123,1.0
2314,123,1.0
2315,123,1.0
2316,123,1.0
2307,124,1.0
2308,124,1.0
2309,124,1.0
2310,124,1.0
2311,124,1.0
2312,124,1.0
2313,124,1.0
2314,124,1.0
2315,124,1.0
2316,124,1.0
2307,125,1.0
2308,125,1.0
2309,125,1.0
2310,125,1.0
2311,125,0.94749515580047327656
2312,125,1.0
2313,125,1.0
2314,125,1.0
2315,125,1.0
2316,125,1.0
2307,126,1.0
2308,126,0.95237512094429788156
2309,126,1.0
2310,126,1.0
2311,126,2.9746713068158756599
2312,126,1.0
2313,126,1.0
2314,126,1.0
2315,126,1.0
2316,126,1.0
2307,127,1.0
2308,127,5.5338674082709689017
2309,127,1.0
2310,127,1.0
2311,127,3.9124946572366696707
2312,127,1.0
2313,127,1.0
2314,127,1.0
2315,127,1.0
2316,127,1.0
2307,128,1.0
2308,128,8.233163779312526742
2309,128,1.0
2310,128,1.0
2311,128,0.9951879746846963304
2312,128,1.0
2313,128,1.0
2314,128,1.0
2315,128,1.0
2316,128,1.0
2307,129,1.0
2308,129,1.0
2309,129,1.0
2310,129,1.0
2311,129,1.0
2312,129,1.0
2313,129,1.0
2314,129,1.0
2315,129,1.0
2316,129,1.0
2307,130,1.0
2308,130,1.0
2309,130,1.0
2310,130,1.0
2311,130,1.0
2312,130,1.0
2313,130,1.0
2314,130,1.0
2315,130,1.0
2316,130,1.0
2307,131,1.0
2308,131,1.0
2309,131,1.0
2310,131,1.0
2311,131,1.0
2312,131,1.0
2313,131,1.0
2314,131,1.0
2315,131,1.0
2316,131,1.0
2307,132,1.0
2308,132,1.0
2309,132,1.0
2310,132,1.0
2311,132,1.0
2312,132,1.0
2313,132,1.0
2314,132,1.0
2315,132,1.0
2316,132,1.0
2307,133,1.0
2308,133,1.0
2309,133,1.0
2310,133,1.0
2311,133,1.0
2312,133,1.0
2313,133,1.0
2314,133,1.0
2315,133,1.0
2316,133,1.0
2307,134,1.0
2308,134,1.0
2309,134,1.0
2310,134,1.0
2311,134,1.0
2312,134,1.0
2313,134,1.0
2314,134,1.0
2315,134,1.0
2316,134,1.0
2307,135,1.0
2308,135,1.0
2309,135,1.0
2310,135,1.0
2311,135,1.0
2312,135,1.0
2313,135,1.0
2314,135,1.0
2315,135,1.0
2316,135,1.0
2307,136,1.0
2308,136,1.0
2309,136,1.0
2310,136,1.0
2311,136,1.0
2312,136,1.0
2313,136,1.0
2314,136,1.0
2315,136,1.0
2316,136,1.0
2307,137,1.0
2308,137,1.0
2309,137,1.0
2310,137,1.0
2311,137,5.0487857771257154127
2312,137,1.0
2313,137,1.0
2314,137,1.0
2315,137,1.0
2316,137,1.0
2307,138,1.0
2308,138,0.9652099053928134831
2309,138,1.0
2310,138,1.0
2311,138,3.1271340698744203301
2312,138,1.0
2313,138,1.0
2314,138,1.0
2315,138,1.0
2316,138,1.0
2307,139,1.0
2308,139,0.94592739685664428695
2309,139,1.0
2310,139,1.0
2311,139,0.96293998061490004847
2312,139,1.0
2313,139,1.0
2314,139,1.0
2315,139,1.0
2316,139,1.0
2307,140,1.0
2308,140,0.96924057359121451594
2309,140,1.0
2310,140,1.0
2311,140,1.0
2312,140,1.0
2313,140,1.0
2314,140,1.0
2315,140,1.0
2316,140,1.0
2307,141,1.0
2308,141,1.0
2309,141,1.0
2310,141,1.0
2311,141,1.0
2312,141,1.0
2313,141,1.0
2314,141,1.0
2315,141,1.0
2316,141,1.0
2307,142,1.0
2308,142,1.0
2309,142,1.0
2310,142,1.0
2311,142,1.0
2312,142,1.0
2313,142,1.0
2314,142,1.0
2315,142,1.0
2316,142,1.0
2307,143,1.0
2308,143,1.0
2309,143,1.0
2310,143,1.0
2311,143,1.0
2312,143,1.0
2313,143,1.0
2314,143,1.0
2315,143,1.0
2316,143,1.0
2307,144,1.0
2308,144,1.0
2309,144,1.0
2310,144,1.0
2311,144,1.0
2312,144,1.0
2313,144,1.0
2314,144,1.0
2315,144,1.0
2316,144,1.0
2307,145,1.0
2308,145,1.0
2309,145,1.0
2310,145,1.0
2311,145,1.0
2312,145,1.0
2313,145,1.0
2314,145,1.0
2315,145,1.0
2316,145,1.0
2307,146,1.0
2308,146,1.0
2309,146,1.0
2310,146,1.0
2311,146,1.0
2312,146,1.0
2313,146,1.0
2314,146,1.0
2315,146,1.0
2316,146,1.0
2307,147,1.0
2308,147,1.0
2309,147,1.0
2310,147,1.0
2311,147,1.0
2312,147,1.0
2313,147,1.0
2314,147,1.0
2315,147,1.0
2316,147,1.0
2307,148,1.0
2308,148,1.0
2309,148,1.0
2310,148,1.0
2311,148,1.0
2312,148,1.0
2313,148,1.0
2314,148,1.0
2315,148,1.0
2316,148,1.0
2307,149,1.0
2308,149,1.0
2309,149,1.0
2310,149,1.0
2311,149,1.0
2312,149,1.0
2313,149,1.0
2314,149,1.0
2315,149,1.0
2316,149,1.0
2307,150,1.0
2308,150,1.0
2309,150,1.0
2310,150,1.0
2311,150,1.0
2312,150,1.0
2313,150,1.0
2314,150,1.0
2315,150,1.0
2316,150,1.0
2307,151,1.0
2308,151,0.98142544528433184325
2309,151,1.0
2310,151,1.0
2311,151,1.0
2312,151,1.0
2313,151,1.0
2314,151,1.0
2315,151,1.0
2316,151,1.0
2307,152,1.0
2308,152,1.0
2309,152,1.0
2310,152,1.0
2311,152,1.0
2312,152,1.0
2313,152,1.0
2314,152,1.0
2315,152,1.0
2316,152,1.0
2307,153,1.0
2308,153,1.0
2309,153,1.0
2310,153,1.0
2311,153,1.0
2312,153,1.0
2313,153,1.0
2314,153,1.0
2315,153,1.0
2316,153,1.0
2307,154,1.0
2308,154,1.0
2309,154,1.0
2310,154,1.0
2311,154,1.0
2312,154,1.0
2313,154,1.0
2314,154,1.0
2315,154,1.0
2316,154,1.0
2307,155,1.0
2308,155,1.0
2309,155,1.0
2310,155,1.0
2311,155,1.0
2312,155,1.0
2313,155,1.0
2314,155,1.0
2315,155,1.0
2316,155,1.0
2307,156,1.0
2308,156,1.0
2309,156,1.0
2310,156,1.0
2311,156,1.0
2312,156,1.0
2313,156,1.0
2314,156,1.0
2315,156,1.0
2316,156,1.0
2307,157,1.0
2308,157,1.0
2309,157,1.0
2310,157,1.0
2311,157,1.0
2312,157,1.0
2313,157,1.0
2314,157,1.0
2315,157,1.0
2316,157,1.0
2307,158,1.0
2308,158,1.0
2309,158,1.0
2310,158,1.0
2311,158,1.0
2312,158,1.0
2313,158,1.0
2314,158,1.0
2315,158,1.0
2316,158,1.0
2307,159,1.0
2308,159,1.0
2309,159,1.0
2310,159,1.0
2311,159,1.0
2312,159,1.0
2313,159,1.0
2314,159,1.0
2315,159,1.0
2316,159,1.0
2307,160,1.0
2308,160,1.0
2309,160,1.0
2310,160,1.0
2311,160,1.0
2312,160,1.0
2313,160,1.0
2314,160,1.0
2315,160,1.0
2316,160,1.0
2307,161,1.0
2308,161,1.0
2309,161,1.0
2310,161,1.0
2311,161,1.0
2312,161,1.0
2313,161,1.0
2314,161,1.0
2315,161,1.0
2316,161,1.0
2307,162,1.0
2308,162,1.0
2309,162,1.0
2310,162,1.0
2311,162,0.9773838250935289462
2312,162,1.0
2313,162,1.0
2314,162,1.0
2315,162,1.0
2316,162,1.0
2307,163,1.0
2308,163,5.38108481160319041
2309,163,1.0
2310,163,1.0
2311,163,0.99621311453095551247
2312,163,1.0
2313,163,1.0
2314,163,1.0
2315,163,1.0
2316,163,1.0
2307,164,1.0
2308,164,0.93557941491444684967
2309,164,1.0
2310,164,1.0
2311,164,1.0
2312,164,1.0
2313,164,1.0
2314,164,1.0
2315,164,1.0
2316,164,1.0
2307,165,1.0
2308,165,1.0
2309,165,1.0
2310,165,1.0
2311,165,1.0
2312,165,1.0
2313,165,1.0
2314,165,1.0
2315,165,1.0
2316,165,1.0
2307,166,1.0
2308,166,1.0
2309,166,1.0
2310,166,1.0
2311,166,0.95726109042096152457
2312,166,1.0
2313,166,1.0
2314,166,1.0
2315,166,1.0
2316,166,1.0
2307,167,1.0
2308,167,1.0
2309,167,1.0
2310,167,1.0
2311,167,0.9521573802944821585
2312,167,1.0
2313,167,1.0
2314,167,1.0
2315,167,1.0
2316,167,1.0
2307,168,1.0
2308,168,1.0
2309,168,1.0
2310,168,1.0
2311,168,1.0
2312,168,1.0
2313,168,1.0
2314,168,1.0
2315,168,1.0
2316,168,1.0
2307,169,1.0
2308,169,1.0
2309,169,1.0
2310,169,1.0
2311,169,1.0
2312,169,1.0
2313,169,1.0
2314,169,1.0
2315,169,1.0
2316,169,1.0
2307,170,1.0
2308,170,1.0
2309,170,1.0
2310,170,1.0
2311,170,1.0
2312,170,1.0
2313,170,1.0
2314,170,1.0
2315,170,1.0
2316,170,1.0
2307,171,1.0
2308,171,1.0
2309,171,1.0
2310,171,1.0
2311,171,1.0
2312,171,1.0
2313,171,1.0
2314,171,1.0
2315,171,1.0
2316,171,1.0
2307,172,1.0
2308,172,1.0
2309,172,1.0
2310,172,1.0
2311,172,1.0
2312,172,1.0
2313,172,1.0
2314,172,1.0
2315,172,1.0
2316,172,1.0
2307,173,1.0
2308,173,1.0
2309,173,1.0
2310,173,1.0
2311,173,0.9892099144310826375
2312,173,1.0
2313,173,1.0
2314,173,1.0
2315,173,1.0
2316,173,1.0
2307,174,1.0
2308,174,1.0
2309,174,1.0
2310,174,1.0
2311,174,2.8059633754366730685
2312,174,1.0
2313,174,1.0
2314,174,1.0
2315,174,1.0
2316,174,1.0
2307,175,1.0
2308,175,4.2306889433458216843
2309,175,1.0
2310,175,1.0
2311,175,0.98683404137231167663
2312,175,1.0
2313,175,1.0
2314,175,1.0
2315,175,1.0
2316,175,1.0
2307,176,1.0
2308,176,6.215377956687243355
2309,176,1.0
2310,176,1.0
2311,176,1.0
2312,176,1.0
2313,176,1.0
2314,176,1.0
2315,176,1.0
2316,176,1.0
2307,177,1.0
2308,177,1.0
2309,177,1.0
2310,177,1.0
2311,177,1.0
2312,177,1.0
2313,177,1.0
2314,177,1.0
2315,177,1.0
2316,177,1.0
2307,178,1.0
2308,178,1.0
2309,178,1.0
2310,178,1.0
2311,178,2.6352466651479047322
2312,178,1.0
2313,178,1.0
2314,178,1.0
2315,178,1.0
2316,178,1.0
2307,179,1.0
2308,179,1.0
2309,179,1.0
2310,179,1.0
2311,179,2.735650704023463664
2312,179,1.0
2313,179,1.0
2314,179,1.0
2315,179,1.0
2316,179,1.0
2307,180,1.0
2308,180,1.0
2309,180,1.0
2310,180,1.0
2311,180,1.0
2312,180,1.0
2313,180,1.0
2314,180,1.0
2315,180,1.0
2316,180,1.0
2307,181,1.0
2308,181,1.0
2309,181,1.0
2310,181,1.0
2311,181,1.0
2312,181,1.0
2313,181,1.0
2314,181,1.0
2315,181,1.0
2316,181,1.0
2307,182,1.0
2308,182,1.0
2309,182,1.0
2310,182,1.0
2311,182,1.0
2312,182,1.0
2313,182,1.0
2314,182,1.0
2315,182,1.0
2316,182,1.0
2307,183,1.0
2308,183,1.0
2309,183,1.0
2310,183,1.0
2311,183,1.0
2312,183,1.0
2313,183,1.0
2314,183,1.0
2315,183,1.0
2316,183,1.0
2307,184,1.0
2308,184,1.0
2309,184,1.0
2310,184,1.0
2311,184,1.0
2312,184,1.0
2313,184,1.0
2314,184,1.0
2315,184,1.0
2316,184,1.0
2307,185,1.0
2308,185,1.0
2309,185,1.0
2310,185,1.0
2311,185,3.1913363360133035762
2312,185,1.0
2313,185,1.0
2314,185,1.0
2315,185,1.0
2316,185,1.0
2307,186,1.0
2308,186,1.0
2309,186,1.0
2310,186,1.0
2311,186,2.6597934098184721208
2312,186,1.0
2313,186,1.0
2314,186,1.0
2315,186,1.0
2316,186,1.0
2307,187,1.0
2308,187,4.2306889433458216843
2309,187,1.0
2310,187,1.0
2311,187,0.9888273599911110434
2312,187,1.0
2313,187,1.0
2314,187,1.0
2315,187,1.0
2316,187,1.0
2307,188,1.0
2308,188,6.370302563880063218
2309,188,1.0
2310,188,1.0
2311,188,1.0
2312,188,1.0
2313,188,1.0
2314,188,1.0
2315,188,1.0
2316,188,1.0
2307,189,1.0
2308,189,1.0
2309,189,1.0
2310,189,1.0
2311,189,0.9616411897847277901
2312,189,1.0
2313,189,1.0
2314,189,1.0
2315,189,1.0
2316,189,1.0
2307,190,1.0
2308,190,1.0
2309,190,1.0
2310,190,1.0
2311,190,2.6352466651479047322
2312,190,1.0
2313,190,1.0
2314,190,1.0
2315,190,1.0
2316,190,1.0
2307,191,1.0
2308,191,1.0
2309,191,1.0
2310,191,1.0
2311,191,3.4436011866166924555
2312,191,1.0
2313,191,1.0
2314,191,1.0
2315,191,1.0
2316,191,1.0
2307,192,1.0
2308,192,1.0
2309,192,1.0
2310,192,1.0
2311,192,1.0
2312,192,1.0
2313,192,1.0
2314,192,1.0
2315,192,1.0
2316,192,1.0
2307,193,1.0
2308,193,1.0
2309,193,1.0
2310,193,1.0
2311,193,1.0
2312,193,1.0
2313,193,1.0
2314,193,1.0
2315,193,1.0
2316,193,1.0
2307,194,1.0
2308,194,1.0
2309,194,1.0
2310,194,1.0
2311,194,1.0
2312,194,1.0
2313,194,1.0
2314,194,1.0
2315,194,1.0
2316,194,1.0
2307,195,1.0
2308,195,1.0
2309,195,1.0
2310,195,1.0
2311,195,1.0
2312,195,1.0
2313,195,1.0
2314,195,1.0
2315,195,1.0
2316,195,1.0
2307,196,1.0
2308,196,1.0
2309,196,1.0
2310,196,1.0
2311,196,5.2337035067615893524
2312,196,1.0
2313,196,1.0
2314,196,1.0
2315,196,1.0
2316,196,1.0
2307,197,1.0
2308,197,1.0
2309,197,1.0
2310,197,1.0
2311,197,2.6433885851601490735
2312,197,1.0
2313,197,1.0
2314,197,1.0
2315,197,1.0
2316,197,1.0
2307,198,1.0
2308,198,1.0
2309,198,1.0
2310,198,1.0
2311,198,3.2574582379816154898
2312,198,1.0
2313,198,1.0
2314,198,1.0
2315,198,1.0
2316,198,1.0
2307,199,1.0
2308,199,3.9076104805846152423
2309,199,1.0
2310,199,1.0
2311,199,1.0
2312,199,1.0
2313,199,1.0
2314,199,1.0
2315,199,1.0
2316,199,1.0
2307,200,1.0
2308,200,7.629874975363322598
2309,200,1.0
2310,200,1.0
2311,200,0.99191704966944305166
2312,200,1.0
2313,200,1.0
2314,200,1.0
2315,200,1.0
2316,200,1.0
2307,201,1.0
2308,201,1.0
2309,201,1.0
2310,201,1.0
2311,201,2.6680567080553259096
2312,201,1.0
2313,201,1.0
2314,201,1.0
2315,201,1.0
2316,201,1.0
2307,202,1.0
2308,202,1.0
2309,202,1.0
2310,202,1.0
2311,202,2.651570767940182094
2312,202,1.0
2313,202,1.0
2314,202,1.0
2315,202,1.0
2316,202,1.0
2307,203,1.0
2308,203,1.0
2309,203,1.0
2310,203,1.0
2311,203,0.9812667510580161956
2312,203,1.0
2313,203,1.0
2314,203,1.0
2315,203,1.0
2316,203,1.0
2307,204,1.0
2308,204,1.0
2309,204,1.0
2310,204,1.0
2311,204,1.0
2312,204,1.0
2313,204,1.0
2314,204,1.0
2315,204,1.0
2316,204,1.0
2307,205,1.0
2308,205,1.0
2309,205,1.0
2310,205,1.0
2311,205,1.0
2312,205,1.0
2313,205,1.0
2314,205,1.0
2315,205,1.0
2316,205,1.0
2307,206,1.0
2308,206,1.0
2309,206,1.0
2310,206,1.0
2311,206,1.0
2312,206,1.0
2313,206,1.0
2314,206,1.0
2315,206,1.0
2316,206,1.0
2307,207,1.0
2308,207,1.0
2309,207,1.0
2310,207,1.0
2311,207,0.9664169900217057796
2312,207,1.0
2313,207,1.0
2314,207,1.0
2315,207,1.0
2316,207,1.0
2307,208,1.0
2308,208,1.0
2309,208,1.0
2310,208,1.0
2311,208,2.6433885851601490735
2312,208,1.0
2313,208,1.0
2314,208,1.0
2315,208,1.0
2316,208,1.0
2307,209,1.0
2308,209,1.0
2309,209,1.0
2310,209,1.0
2311,209,2.6352466651479047322
2312,209,1.0
2313,209,1.0
2314,209,1.0
2315,209,1.0
2316,209,1.0
2307,210,1.0
2308,210,1.0
2309,210,1.0
2310,210,1.0
2311,210,0.95354363800128350004
2312,210,1.0
2313,210,1.0
2314,210,1.0
2315,210,1.0
2316,210,1.0
2307,211,1.0
2308,211,4.2306889433458216843
2309,211,1.0
2310,211,1.0
2311,211,0.9936371704284374662
2312,211,1.0
2313,211,1.0
2314,211,1.0
2315,211,1.0
2316,211,1.0
2307,212,1.0
2308,212,6.566013138102895219
2309,212,1.0
2310,212,1.0
2311,212,3.41952700172060986
2312,212,1.0
2313,212,1.0
2314,212,1.0
2315,212,1.0
2316,212,1.0
2307,213,1.0
2308,213,1.0
2309,213,1.0
2310,213,1.0
2311,213,2.6352466651479047322
2312,213,1.0
2313,213,1.0
2314,213,1.0
2315,213,1.0
2316,213,1.0
2307,214,1.0
2308,214,1.0
2309,214,1.0
2310,214,1.0
2311,214,3.0242481711896020968
2312,214,1.0
2313,214,1.0
2314,214,1.0
2315,214,1.0
2316,214,1.0
2307,215,1.0
2308,215,1.0
2309,215,1.0
2310,215,1.0
2311,215,0.9662510377283068941
2312,215,1.0
2313,215,1.0
2314,215,1.0
2315,215,1.0
2316,215,1.0
2307,216,1.0
2308,216,1.0
2309,216,1.0
2310,216,1.0
2311,216,1.0
2312,216,1.0
2313,216,1.0
2314,216,1.0
2315,216,1.0
2316,216,1.0
2307,217,1.0
2308,217,1.0
2309,217,1.0
2310,217,1.0
2311,217,1.0
2312,217,1.0
2313,217,1.0
2314,217,1.0
2315,217,1.0
2316,217,1.0
2307,218,1.0
2308,218,1.0
2309,218,1.0
2310,218,1.0
2311,218,1.0
2312,218,1.0
2313,218,1.0
2314,218,1.0
2315,218,1.0
2316,218,1.0
2307,219,1.0
2308,219,1.0
2309,219,1.0
2310,219,1.0
2311,219,2.79702197359964444
2312,219,1.0
2313,219,1.0
2314,219,1.0
2315,219,1.0
2316,219,1.0
2307,220,1.0
2308,220,1.0
2309,220,1.0
2310,220,1.0
2311,220,2.6930925275437131994
2312,220,1.0
2313,220,1.0
2314,220,1.0
2315,220,1.0
2316,220,1.0
2307,221,1.0
2308,221,1.0
2309,221,1.0
2310,221,1.0
2311,221,2.79702197359964444
2312,221,1.0
2313,221,1.0
2314,221,1.0
2315,221,1.0
2316,221,1.0
2307,222,1.0
2308,222,1.0
2309,222,1.0
2310,222,1.0
2311,222,3.1166164580567663478
2312,222,1.0
2313,222,1.0
2314,222,1.0
2315,222,1.0
2316,222,1.0
2307,223,1.0
2308,223,4.2306889433458216843
2309,223,1.0
2310,223,1.0
2311,223,3.64492401394613319
2312,223,1.0
2313,223,1.0
2314,223,1.0
2315,223,1.0
2316,223,1.0
2307,224,1.0
2308,224,5.761204234277523817
2309,224,1.0
2310,224,1.0
2311,224,2.6352466651479047322
2312,224,1.0
2313,224,1.0
2314,224,1.0
2315,224,1.0
2316,224,1.0
2307,225,1.0
2308,225,1.0
2309,225,1.0
2310,225,1.0
2311,225,2.6352466651479047322
2312,225,1.0
2313,225,1.0
2314,225,1.0
2315,225,1.0
2316,225,1.0
2307,226,1.0
2308,226,1.0
2309,226,1.0
2310,226,1.0
2311,226,3.1913363360133035762
2312,226,1.0
2313,226,1.0
2314,226,1.0
2315,226,1.0
2316,226,1.0
2307,227,1.0
2308,227,1.0
2309,227,1.0
2310,227,1.0
2311,227,0.9801179583677279705
2312,227,1.0
2313,227,1.0
2314,227,1.0
2315,227,1.0
2316,227,1.0
2307,228,1.0
2308,228,1.0
2309,228,1.0
2310,228,1.0
2311,228,1.0
2312,228,1.0
2313,228,1.0
2314,228,1.0
2315,228,1.0
2316,228,1.0
2307,229,1.0
2308,229,1.0
2309,229,1.0
2310,229,1.0
2311,229,1.0
2312,229,1.0
2313,229,1.0
2314,229,1.0
2315,229,1.0
2316,229,1.0
2307,230,1.0
2308,230,1.0
2309,230,1.0
2310,230,1.0
2311,230,1.0
2312,230,1.0
2313,230,1.0
2314,230,1.0
2315,230,1.0
2316,230,1.0
2307,231,1.0
2308,231,1.0
2309,231,1.0
2310,231,1.0
2311,231,3.618888051984208598
2312,231,1.0
2313,231,1.0
2314,231,1.0
2315,231,1.0
2316,231,1.0
2307,232,1.0
2308,232,1.0
2309,232,1.0
2310,232,1.0
2311,232,5.33994712301178609
2312,232,1.0
2313,232,1.0
2314,232,1.0
2315,232,1.0
2316,232,1.0
2307,233,1.0
2308,233,1.0
2309,233,1.0
2310,233,1.0
2311,233,0.97283998421872053264
2312,233,1.0
2313,233,1.0
2314,233,1.0
2315,233,1.0
2316,233,1.0
2307,234,1.0
2308,234,1.0
2309,234,1.0
2310,234,1.0
2311,234,3.5172553591928341632
2312,234,1.0
2313,234,1.0
2314,234,1.0
2315,234,1.0
2316,234,1.0
2307,235,1.0
2308,235,4.2306889433458216843
2309,235,1.0
2310,235,1.0
2311,235,2.6352466651479047322
2312,235,1.0
2313,235,1.0
2314,235,1.0
2315,235,1.0
2316,235,1.0
2307,236,1.0
2308,236,9.1594673531087345
2309,236,1.0
2310,236,1.0
2311,236,2.6352466651479047322
2312,236,1.0
2313,236,1.0
2314,236,1.0
2315,236,1.0
2316,236,1.0
2307,237,1.0
2308,237,1.0
2309,237,1.0
2310,237,1.0
2311,237,3.8119158624307853955
2312,237,1.0
2313,237,1.0
2314,237,1.0
2315,237,1.0
2316,237,1.0
2307,238,1.0
2308,238,1.0
2309,238,1.0
2310,238,1.0
2311,238,0.96029766542761740844
2312,238,1.0
2313,238,1.0
2314,238,1.0
2315,238,1.0
2316,238,1.0
2307,239,1.0
2308,239,1.0
2309,239,1.0
2310,239,1.0
2311,239,1.0
2312,239,1.0
2313,239,1.0
2314,239,1.0
2315,239,1.0
2316,239,1.0
2307,240,1.0
2308,240,1.0
2309,240,1.0
2310,240,1.0
2311,240,1.0
2312,240,1.0
2313,240,1.0
2314,240,1.0
2315,240,1.0
2316,240,1.0
2307,241,1.0
2308,241,1.0
2309,241,1.0
2310,241,1.0
2311,241,1.0
2312,241,1.0
2313,241,1.0
2314,241,1.0
2315,241,1.0
2316,241,1.0
2307,242,1.0
2308,242,1.0
2309,242,1.0
2310,242,1.0
2311,242,1.0
2312,242,1.0
2313,242,1.0
2314,242,1.0
2315,242,1.0
2316,242,1.0
2307,243,1.0
2308,243,1.0
2309,243,1.0
2310,243,1.0
2311,243,0.9935089790026557788
2312,243,1.0
2313,243,1.0
2314,243,1.0
2315,243,1.0
2316,243,1.0
2307,244,1.0
2308,244,1.0
2309,244,1.0
2310,244,1.0
2311,244,1.0
2312,244,1.0
2313,244,1.0
2314,244,1.0
2315,244,1.0
2316,244,1.0
2307,245,1.0
2308,245,1.0
2309,245,1.0
2310,245,1.0
2311,245,1.0
2312,245,1.0
2313,245,1.0
2314,245,1.0
2315,245,1.0
2316,245,1.0
2307,246,1.0
2308,246,1.0
2309,246,1.0
2310,246,1.0
2311,246,0.95444586920219831594
2312,246,1.0
2313,246,1.0
2314,246,1.0
2315,246,1.0
2316,246,1.0
2307,247,1.0
2308,247,4.2306889433458216843
2309,247,1.0
2310,247,1.0
2311,247,2.6352466651479047322
2312,247,1.0
2313,247,1.0
2314,247,1.0
2315,247,1.0
2316,247,1.0
2307,248,1.0
2308,248,6.872135521648828238
2309,248,1.0
2310,248,1.0
2311,248,2.6930925275437131994
2312,248,1.0
2313,248,1.0
2314,248,1.0
2315,248,1.0
2316,248,1.0
2307,249,1.0
2308,249,1.0
2309,249,1.0
2310,249,1.0
2311,249,0.99476199342494064926
2312,249,1.0
2313,249,1.0
2314,249,1.0
2315,249,1.0
2316,249,1.0
2307,250,1.0
2308,250,1.0
2309,250,1.0
2310,250,1.0
2311,250,1.0
2312,250,1.0
2313,250,1.0
2314,250,1.0
2315,250,1.0
2316,250,1.0
2307,251,1.0
2308,251,1.0
2309,251,1.0
2310,251,1.0
2311,251,1.0
2312,251,1.0
2313,251,1.0
2314,251,1.0
2315,251,1.0
2316,251,1.0
2307,252,1.0
2308,252,1.0
2309,252,1.0
2310,252,1.0
2311,252,1.0
2312,252,1.0
2313,252,1.0
2314,252,1.0
2315,252,1.0
2316,252,1.0
2307,253,1.0
2308,253,1.0
2309,253,1.0
2310,253,1.0
2311,253,1.0
2312,253,1.0
2313,253,1.0
2314,253,1.0
2315,253,1.0
2316,253,1.0
2307,254,1.0
2308,254,1.0
2309,254,1.0
2310,254,1.0
2311,254,1.0
2312,254,1.0
2313,254,1.0
2314,254,1.0
2315,254,1.0
2316,254,1.0
2307,255,1.0
2308,255,1.0
2309,255,1.0
2310,255,1.0
2311,255,1.0
2312,255,1.0
2313,255,1.0
2314,255,1.0
2315,255,1.0
2316,255,1.0
2307,256,1.0
2308,256,1.0
2309,256,1.0
2310,256,1.0
2311,256,1.0
2312,256,1.0
2313,256,1.0
2314,256,1.0
2315,256,1.0
2316,256,1.0
2307,257,1.0
2308,257,1.0
2309,257,1.0
2310,257,1.0
2311,257,1.0
2312,257,1.0
2313,257,1.0
2314,257,1.0
2315,257,1.0
2316,257,1.0
2307,258,1.0
2308,258,1.0
2309,258,1.0
2310,258,1.0
2311,258,2.6930925275437131994
2312,258,1.0
2313,258,1.0
2314,258,1.0
2315,258,1.0
2316,258,1.0
2307,259,1.0
2308,259,4.2306889433458216843
2309,259,1.0
2310,259,1.0
2311,259,2.6352466651479047322
2312,259,1.0
2313,259,1.0
2314,259,1.0
2315,259,1.0
2316,259,1.0
2307,260,1.0
2308,260,4.3439943293267191393
2309,260,1.0
2310,260,1.0
2311,260,0.96454643611409451864
2312,260,1.0
2313,260,1.0
2314,260,1.0
2315,260,1.0
2316,260,1.0
2307,261,1.0
2308,261,1.0
2309,261,1.0
2310,261,1.0
2311,261,1.0
2312,261,1.0
2313,261,1.0
2314,261,1.0
2315,261,1.0
2316,261,1.0
2307,262,1.0
2308,262,1.0
2309,262,1.0
2310,262,1.0
2311,262,1.0
2312,262,1.0
2313,262,1.0
2314,262,1.0
2315,262,1.0
2316,262,1.0
2307,263,1.0
2308,263,1.0
2309,263,1.0
2310,263,1.0
2311,263,1.0
2312,263,1.0
2313,263,1.0
2314,263,1.0
2315,263,1.0
2316,263,1.0
2307,264,1.0
2308,264,1.0
2309,264,1.0
2310,264,1.0
2311,264,1.0
2312,264,1.0
2313,264,1.0
2314,264,1.0
2315,264,1.0
2316,264,1.0
2307,265,1.0
2308,265,1.0
2309,265,1.0
2310,265,1.0
2311,265,1.0
2312,265,1.0
2313,265,1.0
2314,265,1.0
2315,265,1.0
2316,265,1.0
2307,266,1.0
2308,266,1.0
2309,266,1.0
2310,266,1.0
2311,266,1.0
2312,266,1.0
2313,266,1.0
2314,266,1.0
2315,266,1.0
2316,266,1.0
2307,267,1.0
2308,267,1.0
2309,267,1.0
2310,267,1.0
2311,267,1.0
2312,267,1.0
2313,267,1.0
2314,267,1.0
2315,267,1.0
2316,267,1.0
2307,268,1.0
2308,268,1.0
2309,268,1.0
2310,268,1.0
2311,268,1.0
2312,268,1.0
2313,268,1.0
2314,268,1.0
2315,268,1.0
2316,268,1.0
2307,269,1.0
2308,269,1.0
2309,269,1.0
2310,269,1.0
2311,269,0.9969751538499993515
2312,269,1.0
2313,269,1.0
2314,269,1.0
2315,269,1.0
2316,269,1.0
2307,270,1.0
2308,270,1.0
2309,270,1.0
2310,270,1.0
2311,270,2.6352466651479047322
2312,270,1.0
2313,270,1.0
2314,270,1.0
2315,270,1.0
2316,270,1.0
2307,271,1.0
2308,271,4.2306889433458216843
2309,271,1.0
2310,271,1.0
2311,271,2.6680567080553259096
2312,271,1.0
2313,271,1.0
2314,271,1.0
2315,271,1.0
2316,271,1.0
2307,272,1.0
2308,272,4.471995257699166615
2309,272,1.0
2310,272,1.0
2311,272,1.0
2312,272,1.0
2313,272,1.0
2314,272,1.0
2315,272,1.0
2316,272,1.0
2307,273,1.0
2308,273,1.0
2309,273,1.0
2310,273,1.0
2311,273,1.0
2312,273,1.0
2313,273,1.0
2314,273,1.0
2315,273,1.0
2316,273,1.0
2307,274,1.0
2308,274,1.0
2309,274,1.0
2310,274,1.0
2311,274,1.0
2312,274,1.0
2313,274,1.0
2314,274,1.0
2315,274,1.0
2316,274,1.0
2307,275,1.0
2308,275,1.0
2309,275,1.0
2310,275,1.0
2311,275,1.0
2312,275,1.0
2313,275,1.0
2314,275,1.0
2315,275,1.0
2316,275,1.0
2307,276,1.0
2308,276,1.0
2309,276,1.0
2310,276,1.0
2311,276,1.0
2312,276,1.0
2313,276,1.0
2314,276,1.0
2315,276,1.0
2316,276,1.0
2307,277,1.0
2308,277,1.0
2309,277,1.0
2310,277,1.0
2311,277,1.0
2312,277,1.0
2313,277,1.0
2314,277,1.0
2315,277,1.0
2316,277,1.0
2307,278,1.0
2308,278,1.0
2309,278,1.0
2310,278,1.0
2311,278,1.0
2312,278,1.0
2313,278,1.0
2314,278,1.0
2315,278,1.0
2316,278,1.0
2307,279,1.0
2308,279,1.0
2309,279,1.0
2310,279,1.0
2311,279,1.0
2312,279,1.0
2313,279,1.0
2314,279,1.0
2315,279,1.0
2316,279,1.0
2307,280,1.0
2308,280,1.0
2309,280,1.0
2310,280,1.0
2311,280,1.0
2312,280,1.0
2313,280,1.0
2314,280,1.0
2315,280,1.0
2316,280,1.0
2307,281,1.0
2308,281,1.0
2309,281,1.0
2310,281,1.0
2311,281,0.9969751538499993515
2312,281,1.0
2313,281,1.0
2314,281,1.0
2315,281,1.0
2316,281,1.0
2307,282,1.0
2308,282,1.0
2309,282,1.0
2310,282,1.0
2311,282,3.2241538519094907755
2312,282,1.0
2313,282,1.0
2314,282,1.0
2315,282,1.0
2316,282,1.0
2307,283,1.0
2308,283,0.9159811251647143049
2309,283,1.0
2310,283,1.0
2311,283,0.94825975806492357467
2312,283,1.0
2313,283,1.0
2314,283,1.0
2315,283,1.0
2316,283,1.0
2307,284,1.0
2308,284,0.97057594371418431933
2309,284,1.0
2310,284,1.0
2311,284,1.0
2312,284,1.0
2313,284,1.0
2314,284,1.0
2315,284,1.0
2316,284,1.0
2307,285,1.0
2308,285,1.0
2309,285,1.0
2310,285,1.0
2311,285,1.0
2312,285,1.0
2313,285,1.0
2314,285,1.0
2315,285,1.0
2316,285,1.0
2307,286,1.0
2308,286,1.0
2309,286,1.0
2310,286,1.0
2311,286,1.0
2312,286,1.0
2313,286,1.0
2314,286,1.0
2315,286,1.0
2316,286,1.0
2307,287,1.0
2308,287,1.0
2309,287,1.0
2310,287,1.0
2311,287,1.0
2312,287,1.0
2313,287,1.0
2314,287,1.0
2315,287,1.0
2316,287,1.0
2307,288,1.0
2308,288,1.0
2309,288,1.0
2310,288,1.0
2311,288,1.0
2312,288,1.0
2313,288,1.0
2314,288,1.0
2315,288,1.0
2316,288,1.0
2307,289,1.0
2308,289,1.0
2309,289,1.0
2310,289,1.0
2311,289,1.0
2312,289,1.0
2313,289,1.0
2314,289,1.0
2315,289,1.0
2316,289,1.0
2307,290,1.0
2308,290,1.0
2309,290,1.0
2310,290,1.0
2311,290,1.0
2312,290,1.0
2313,290,1.0
2314,290,1.0
2315,290,1.0
2316,290,1.0
2307,291,1.0
2308,291,1.0
2309,291,1.0
2310,291,1.0
2311,291,1.0
2312,291,1.0
2313,291,1.0
2314,291,1.0
2315,291,1.0
2316,291,1.0
2307,292,1.0
2308,292,1.0
2309,292,1.0
2310,292,1.0
2311,292,1.0
2312,292,1.0
2313,292,1.0
2314,292,1.0
2315,292,1.0
2316,292,1.0
2307,293,1.0
2308,293,1.0
2309,293,1.0
2310,293,1.0
2311,293,1.0
2312,293,1.0
2313,293,1.0
2314,293,1.0
2315,293,1.0
2316,293,1.0
2307,294,1.0
2308,294,0.98142544528433184325
2309,294,1.0
2310,294,1.0
2311,294,1.0
2312,294,1.0
2313,294,1.0
2314,294,1.0
2315,294,1.0
2316,294,1.0
2307,295,1.0
2308,295,1.0
2309,295,1.0
2310,295,1.0
2311,295,1.0
2312,295,1.0
2313,295,1.0
2314,295,1.0
2315,295,1.0
2316,295,1.0
2307,296,1.0
2308,296,1.0
2309,296,1.0
2310,296,1.0
2311,296,1.0
2312,296,1.0
2313,296,1.0
2314,296,1.0
2315,296,1.0
2316,296,1.0
2307,297,1.0
2308,297,1.0
2309,297,1.0
2310,297,1.0
2311,297,1.0
2312,297,1.0
2313,297,1.0
2314,297,1.0
2315,297,1.0
2316,297,1.0
2307,298,1.0
2308,298,1.0
2309,298,1.0
2310,298,1.0
2311,298,1.0
2312,298,1.0
2313,298,1.0
2314,298,1.0
2315,298,1.0
2316,298,1.0
2307,299,1.0
2308,299,1.0
2309,299,1.0
2310,299,1.0
2311,299,1.0
2312,299,1.0
2313,299,1.0
2314,299,1.0
2315,299,1.0
2316,299,1.0
2307,300,1.0
2308,300,1.0
2309,300,1.0
2310,300,1.0
2311,300,1.0
2312,300,1.0
2313,300,1.0
2314,300,1.0
2315,300,1.0
2316,300,1.0
2307,301,1.0
2308,301,1.0
2309,301,1.0
2310,301,1.0
2311,301,1.0
2312,301,1.0
2313,301,1.0
2314,301,1.0
2315,301,1.0
2316,301,1.0
2307,302,1.0
2308,302,1.0
2309,302,1.0
2310,302,1.0
2311,302,1.0
2312,302,1.0
2313,302,1.0
2314,302,1.0
2315,302,1.0
2316,302,1.0
2307,303,1.0
2308,303,1.0
2309,303,1.0
2310,303,1.0
2311,303,1.0
2312,303,1.0
2313,303,1.0
2314,303,1.0
2315,303,1.0
2316,303,1.0
2307,304,1.0
2308,304,1.0
2309,304,1.0
2310,304,1.0
2311,304,1.0
2312,304,1.0
2313,304,1.0
2314,304,1.0
2315,304,1.0
2316,304,1.0
2307,305,1.0
2308,305,1.0
2309,305,1.0
2310,305,1.0
2311,305,0.98567296112601199276
2312,305,1.0
2313,305,1.0
2314,305,1.0
2315,305,1.0
2316,305,1.0
2307,306,1.0
2308,306,0.94619042189753721495
2309,306,1.0
2310,306,1.0
2311,306,0.99187667039124027824
2312,306,1.0
2313,306,1.0
2314,306,1.0
2315,306,1.0
2316,306,1.0
2307,307,1.0
2308,307,0.92069392467628596854
2309,307,1.0
2310,307,1.0
2311,307,1.0
2312,307,1.0
2313,307,1.0
2314,307,1.0
2315,307,1.0
2316,307,1.0
2307,308,1.0
2308,308,1.0
2309,308,1.0
2310,308,1.0
2311,308,1.0
2312,308,1.0
2313,308,1.0
2314,308,1.0
2315,308,1.0
2316,308,1.0
2307,309,1.0
2308,309,1.0
2309,309,1.0
2310,309,1.0
2311,309,0.98998632329340918723
2312,309,1.0
2313,309,1.0
2314,309,1.0
2315,309,1.0
2316,309,1.0
2307,310,1.0
2308,310,1.0
2309,310,1.0
2310,310,1.0
2311,310,0.95662697123921092146
2312,310,1.0
2313,310,1.0
2314,310,1.0
2315,310,1.0
2316,310,1.0
2307,311,1.0
2308,311,1.0
2309,311,1.0
2310,311,1.0
2311,311,1.0
2312,311,1.0
2313,311,1.0
2314,311,1.0
2315,311,1.0
2316,311,1.0
2307,312,1.0
2308,312,1.0
2309,312,1.0
2310,312,1.0
2311,312,1.0
2312,312,1.0
2313,312,1.0
2314,312,1.0
2315,312,1.0
2316,312,1.0
2307,313,1.0
2308,313,1.0
2309,313,1.0
2310,313,1.0
2311,313,1.0
2312,313,1.0
2313,313,1.0
2314,313,1.0
2315,313,1.0
2316,313,1.0
2307,314,1.0
2308,314,1.0
2309,314,1.0
2310,314,1.0
2311,314,1.0
2312,314,1.0
2313,314,1.0
2314,314,1.0
2315,314,1.0
2316,314,1.0
2307,315,1.0
2308,315,1.0
2309,315,1.0
2310,315,1.0
2311,315,1.0
2312,315,1.0
2313,315,1.0
2314,315,1.0
2315,315,1.0
2316,315,1.0
2307,316,1.0
2308,316,1.0
2309,316,1.0
2310,316,1.0
2311,316,0.99289949333010596444
2312,316,1.0
2313,316,1.0
2314,316,1.0
2315,316,1.0
2316,316,1.0
2307,317,1.0
2308,317,1.0
2309,317,1.0
2310,317,1.0
2311,317,0.95511125124747919823
2312,317,1.0
2313,317,1.0
2314,317,1.0
2315,317,1.0
2316,317,1.0
2307,318,1.0
2308,318,0.93270630968085233015
2309,318,1.0
2310,318,1.0
2311,318,0.9555495362690217265
2312,318,1.0
2313,318,1.0
2314,318,1.0
2315,318,1.0
2316,318,1.0
2307,319,1.0
2308,319,7.471118648090333103
2309,319,1.0
2310,319,1.0
2311,319,0.99187667039124027824
2312,319,1.0
2313,319,1.0
2314,319,1.0
2315,319,1.0
2316,319,1.0
2307,320,1.0
2308,320,0.9240608022793956877
2309,320,1.0
2310,320,1.0
2311,320,1.0
2312,320,1.0
2313,320,1.0
2314,320,1.0
2315,320,1.0
2316,320,1.0
2307,321,1.0
2308,321,1.0
2309,321,1.0
2310,321,1.0
2311,321,0.96755634706586868266
2312,321,1.0
2313,321,1.0
2314,321,1.0
2315,321,1.0
2316,321,1.0
2307,322,1.0
2308,322,1.0
2309,322,1.0
2310,322,1.0
2311,322,0.9469793005894437954
2312,322,1.0
2313,322,1.0
2314,322,1.0
2315,322,1.0
2316,322,1.0
2307,323,1.0
2308,323,1.0
2309,323,1.0
2310,323,1.0
2311,323,0.9469793005894437954
2312,323,1.0
2313,323,1.0
2314,323,1.0
2315,323,1.0
2316,323,1.0
2307,324,1.0
2308,324,1.0
2309,324,1.0
2310,324,1.0
2311,324,1.0
2312,324,1.0
2313,324,1.0
2314,324,1.0
2315,324,1.0
2316,324,1.0
2307,325,1.0
2308,325,1.0
2309,325,1.0
2310,325,1.0
2311,325,1.0
2312,325,1.0
2313,325,1.0
2314,325,1.0
2315,325,1.0
2316,325,1.0
2307,326,1.0
2308,326,1.0
2309,326,1.0
2310,326,1.0
2311,326,1.0
2312,326,1.0
2313,326,1.0
2314,326,1.0
2315,326,1.0
2316,326,1.0
2307,327,1.0
2308,327,1.0
2309,327,1.0
2310,327,1.0
2311,327,1.0
2312,327,1.0
2313,327,1.0
2314,327,1.0
2315,327,1.0
2316,327,1.0
2307,328,1.0
2308,328,1.0
2309,328,1.0
2310,328,1.0
2311,328,0.97588025044821669063
2312,328,1.0
2313,328,1.0
2314,328,1.0
2315,328,1.0
2316,328,1.0
2307,329,1.0
2308,329,1.0
2309,329,1.0
2310,329,1.0
2311,329,0.959707809158668268
2312,329,1.0
2313,329,1.0
2314,329,1.0
2315,329,1.0
2316,329,1.0
2307,330,1.0
2308,330,0.9323795259200469143
2309,330,1.0
2310,330,1.0
2311,330,0.95511125124747919823
2312,330,1.0
2313,330,1.0
2314,330,1.0
2315,330,1.0
2316,330,1.0
2307,331,1.0
2308,331,6.4056391048627130402
2309,331,1.0
2310,331,1.0
2311,331,0.9792107693045667416
2312,331,1.0
2313,331,1.0
2314,331,1.0
2315,331,1.0
2316,331,1.0
2307,332,1.0
2308,332,0.9456631196988841692
2309,332,1.0
2310,332,1.0
2311,332,0.98988610718907299457
2312,332,1.0
2313,332,1.0
2314,332,1.0
2315,332,1.0
2316,332,1.0
2307,333,1.0
2308,333,1.0
2309,333,1.0
2310,333,1.0
2311,333,0.96293998061490004847
2312,333,1.0
2313,333,1.0
2314,333,1.0
2315,333,1.0
2316,333,1.0
2307,334,1.0
2308,334,1.0
2309,334,1.0
2310,334,1.0
2311,334,0.95121079302423139357
2312,334,1.0
2313,334,1.0
2314,334,1.0
2315,334,1.0
2316,334,1.0
2307,335,1.0
2308,335,1.0
2309,335,1.0
2310,335,1.0
2311,335,0.9582977942783624803
2312,335,1.0
2313,335,1.0
2314,335,1.0
2315,335,1.0
2316,335,1.0
2307,336,1.0
2308,336,1.0
2309,336,1.0
2310,336,1.0
2311,336,0.9967561226414823894
2312,336,1.0
2313,336,1.0
2314,336,1.0
2315,336,1.0
2316,336,1.0
2307,337,1.0
2308,337,1.0
2309,337,1.0
2310,337,1.0
2311,337,1.0
2312,337,1.0
2313,337,1.0
2314,337,1.0
2315,337,1.0
2316,337,1.0
2307,338,1.0
2308,338,1.0
2309,338,1.0
2310,338,1.0
2311,338,1.0
2312,338,1.0
2313,338,1.0
2314,338,1.0
2315,338,1.0
2316,338,1.0
2307,339,1.0
2308,339,1.0
2309,339,1.0
2310,339,1.0
2311,339,0.9855298393896841924
2312,339,1.0
2313,339,1.0
2314,339,1.0
2315,339,1.0
2316,339,1.0
2307,340,1.0
2308,340,1.0
2309,340,1.0
2310,340,1.0
2311,340,5.4487738309829722994
2312,340,1.0
2313,340,1.0
2314,340,1.0
2315,340,1.0
2316,340,1.0
2307,341,1.0
2308,341,1.0
2309,341,1.0
2310,341,1.0
2311,341,0.95097129691047543876
2312,341,1.0
2313,341,1.0
2314,341,1.0
2315,341,1.0
2316,341,1.0
2307,342,1.0
2308,342,0.93270630968085233015
2309,342,1.0
2310,342,1.0
2311,342,0.9618294360613474092
2312,342,1.0
2313,342,1.0
2314,342,1.0
2315,342,1.0
2316,342,1.0
2307,343,1.0
2308,343,8.889202076308915679
2309,343,1.0
2310,343,1.0
2311,343,0.9902810768666576724
2312,343,1.0
2313,343,1.0
2314,343,1.0
2315,343,1.0
2316,343,1.0
2307,344,1.0
2308,344,0.9276403932907959504
2309,344,1.0
2310,344,1.0
2311,344,0.95747043489508543157
2312,344,1.0
2313,344,1.0
2314,344,1.0
2315,344,1.0
2316,344,1.0
2307,345,1.0
2308,345,1.0
2309,345,1.0
2310,345,1.0
2311,345,4.7391979445747596245
2312,345,1.0
2313,345,1.0
2314,345,1.0
2315,345,1.0
2316,345,1.0
2307,346,1.0
2308,346,1.0
2309,346,1.0
2310,346,1.0
2311,346,4.0165449902141086014
2312,346,1.0
2313,346,1.0
2314,346,1.0
2315,346,1.0
2316,346,1.0
2307,347,1.0
2308,347,1.0
2309,347,1.0
2310,347,1.0
2311,347,0.98217359168574769335
2312,347,1.0
2313,347,1.0
2314,347,1.0
2315,347,1.0
2316,347,1.0
2307,348,1.0
2308,348,1.0
2309,348,1.0
2310,348,1.0
2311,348,1.0
2312,348,1.0
2313,348,1.0
2314,348,1.0
2315,348,1.0
2316,348,1.0
2307,349,1.0
2308,349,1.0
2309,349,1.0
2310,349,1.0
2311,349,1.0
2312,349,1.0
2313,349,1.0
2314,349,1.0
2315,349,1.0
2316,349,1.0
2307,350,1.0
2308,350,1.0
2309,350,1.0
2310,350,1.0
2311,350,0.98942263298145805006
2312,350,1.0
2313,350,1.0
2314,350,1.0
2315,350,1.0
2316,350,1.0
2307,351,1.0
2308,351,1.0
2309,351,1.0
2310,351,1.0
2311,351,0.9533153586283080738
2312,351,1.0
2313,351,1.0
2314,351,1.0
2315,351,1.0
2316,351,1.0
2307,352,1.0
2308,352,1.0
2309,352,1.0
2310,352,1.0
2311,352,3.0042710111799779682
2312,352,1.0
2313,352,1.0
2314,352,1.0
2315,352,1.0
2316,352,1.0
2307,353,1.0
2308,353,1.0
2309,353,1.0
2310,353,1.0
2311,353,2.6352466651479047322
2312,353,1.0
2313,353,1.0
2314,353,1.0
2315,353,1.0
2316,353,1.0
2307,354,1.0
2308,354,0.94619042189753721495
2309,354,1.0
2310,354,1.0
2311,354,2.8717063389813222152
2312,354,1.0
2313,354,1.0
2314,354,1.0
2315,354,1.0
2316,354,1.0
2307,355,1.0
2308,355,6.2497680161559356904
2309,355,1.0
2310,355,1.0
2311,355,0.9842545065003321936
2312,355,1.0
2313,355,1.0
2314,355,1.0
2315,355,1.0
2316,355,1.0
2307,356,1.0
2308,356,0.94875302781606518643
2309,356,1.0
2310,356,1.0
2311,356,3.7283816496123494133
2312,356,1.0
2313,356,1.0
2314,356,1.0
2315,356,1.0
2316,356,1.0
2307,357,1.0
2308,357,1.0
2309,357,1.0
2310,357,1.0
2311,357,2.8059633754366730685
2312,357,1.0
2313,357,1.0
2314,357,1.0
2315,357,1.0
2316,357,1.0
2307,358,1.0
2308,358,1.0
2309,358,1.0
2310,358,1.0
2311,358,3.2352008694971434721
2312,358,1.0
2313,358,1.0
2314,358,1.0
2315,358,1.0
2316,358,1.0
2307,359,1.0
2308,359,1.0
2309,359,1.0
2310,359,1.0
2311,359,0.99203699118636856635
2312,359,1.0
2313,359,1.0
2314,359,1.0
2315,359,1.0
2316,359,1.0
2307,360,1.0
2308,360,1.0
2309,360,1.0
2310,360,1.0
2311,360,1.0
2312,360,1.0
2313,360,1.0
2314,360,1.0
2315,360,1.0
2316,360,1.0
2307,361,1.0
2308,361,1.0
2309,361,1.0
2310,361,1.0
2311,361,1.0
2312,361,1.0
2313,361,1.0
2314,361,1.0
2315,361,1.0
2316,361,1.0
2307,362,1.0
2308,362,1.0
2309,362,1.0
2310,362,1.0
2311,362,0.9697219043599254462
2312,362,1.0
2313,362,1.0
2314,362,1.0
2315,362,1.0
2316,362,1.0
2307,363,1.0
2308,363,1.0
2309,363,1.0
2310,363,1.0
2311,363,2.8528627639843007202
2312,363,1.0
2313,363,1.0
2314,363,1.0
2315,363,1.0
2316,363,1.0
2307,364,1.0
2308,364,1.0
2309,364,1.0
2310,364,1.0
2311,364,2.9943558740730362722
2312,364,1.0
2313,364,1.0
2314,364,1.0
2315,364,1.0
2316,364,1.0
2307,365,1.0
2308,365,1.0
2309,365,1.0
2310,365,1.0
2311,365,2.6352466651479047322
2312,365,1.0
2313,365,1.0
2314,365,1.0
2315,365,1.0
2316,365,1.0
2307,366,1.0
2308,366,0.9323795259200469143
2309,366,1.0
2310,366,1.0
2311,366,2.6352466651479047322
2312,366,1.0
2313,366,1.0
2314,366,1.0
2315,366,1.0
2316,366,1.0
2307,367,1.0
2308,367,8.55433299943648251
2309,367,1.0
2310,367,1.0
2311,367,3.1271340698744203301
2312,367,1.0
2313,367,1.0
2314,367,1.0
2315,367,1.0
2316,367,1.0
2307,368,1.0
2308,368,0.92442629748041271753
2309,368,1.0
2310,368,1.0
2311,368,3.169725022010704052
2312,368,1.0
2313,368,1.0
2314,368,1.0
2315,368,1.0
2316,368,1.0
2307,369,1.0
2308,369,1.0
2309,369,1.0
2310,369,1.0
2311,369,2.7442889415834970102
2312,369,1.0
2313,369,1.0
2314,369,1.0
2315,369,1.0
2316,369,1.0
2307,370,1.0
2308,370,1.0
2309,370,1.0
2310,370,1.0
2311,370,4.1714453288543023035
2312,370,1.0
2313,370,1.0
2314,370,1.0
2315,370,1.0
2316,370,1.0
2307,371,1.0
2308,371,1.0
2309,371,1.0
2310,371,1.0
2311,371,0.9896826691285918187
2312,371,1.0
2313,371,1.0
2314,371,1.0
2315,371,1.0
2316,371,1.0
2307,372,1.0
2308,372,1.0
2309,372,1.0
2310,372,1.0
2311,372,1.0
2312,372,1.0
2313,372,1.0
2314,372,1.0
2315,372,1.0
2316,372,1.0
2307,373,1.0
2308,373,1.0
2309,373,1.0
2310,373,1.0
2311,373,1.0
2312,373,1.0
2313,373,1.0
2314,373,1.0
2315,373,1.0
2316,373,1.0
2307,374,1.0
2308,374,1.0
2309,374,1.0
2310,374,1.0
2311,374,0.99501692599593349886
2312,374,1.0
2313,374,1.0
2314,374,1.0
2315,374,1.0
2316,374,1.0
2307,375,1.0
2308,375,1.0
2309,375,1.0
2310,375,1.0
2311,375,0.9576787728767558461
2312,375,1.0
2313,375,1.0
2314,375,1.0
2315,375,1.0
2316,375,1.0
2307,376,1.0
2308,376,1.0
2309,376,1.0
2310,376,1.0
2311,376,0.95489052272522167986
2312,376,1.0
2313,376,1.0
2314,376,1.0
2315,376,1.0
2316,376,1.0
2307,377,1.0
2308,377,1.0
2309,377,1.0
2310,377,1.0
2311,377,0.96540907869913461514
2312,377,1.0
2313,377,1.0
2314,377,1.0
2315,377,1.0
2316,377,1.0
2307,378,1.0
2308,378,0.9652099053928134831
2309,378,1.0
2310,378,1.0
2311,378,2.6352466651479047322
2312,378,1.0
2313,378,1.0
2314,378,1.0
2315,378,1.0
2316,378,1.0
2307,379,1.0
2308,379,8.889202076308915679
2309,379,1.0
2310,379,1.0
2311,379,2.6352466651479047322
2312,379,1.0
2313,379,1.0
2314,379,1.0
2315,379,1.0
2316,379,1.0
2307,380,1.0
2308,380,0.9453975847993676407
2309,380,1.0
2310,380,1.0
2311,380,3.618888051984208598
2312,380,1.0
2313,380,1.0
2314,380,1.0
2315,380,1.0
2316,380,1.0
2307,381,1.0
2308,381,1.0
2309,381,1.0
2310,381,1.0
2311,381,4.7954413696775919362
2312,381,1.0
2313,381,1.0
2314,381,1.0
2315,381,1.0
2316,381,1.0
2307,382,1.0
2308,382,1.0
2309,382,1.0
2310,382,1.0
2311,382,0.96029766542761740844
2312,382,1.0
2313,382,1.0
2314,382,1.0
2315,382,1.0
2316,382,1.0
2307,383,1.0
2308,383,1.0
2309,383,1.0
2310,383,1.0
2311,383,0.9923862758816139884
2312,383,1.0
2313,383,1.0
2314,383,1.0
2315,383,1.0
2316,383,1.0
2307,384,1.0
2308,384,1.0
2309,384,1.0
2310,384,1.0
2311,384,1.0
2312,384,1.0
2313,384,1.0
2314,384,1.0
2315,384,1.0
2316,384,1.0
2307,385,1.0
2308,385,1.0
2309,385,1.0
2310,385,1.0
2311,385,1.0
2312,385,1.0
2313,385,1.0
2314,385,1.0
2315,385,1.0
2316,385,1.0
2307,386,1.0
2308,386,1.0
2309,386,1.0
2310,386,1.0
2311,386,1.0
2312,386,1.0
2313,386,1.0
2314,386,1.0
2315,386,1.0
2316,386,1.0
2307,387,1.0
2308,387,1.0
2309,387,1.0
2310,387,1.0
2311,387,0.99501692599593349886
2312,387,1.0
2313,387,1.0
2314,387,1.0
2315,387,1.0
2316,387,1.0
2307,388,1.0
2308,388,1.0
2309,388,1.0
2310,388,1.0
2311,388,0.9935089790026557788
2312,388,1.0
2313,388,1.0
2314,388,1.0
2315,388,1.0
2316,388,1.0
2307,389,1.0
2308,389,1.0
2309,389,1.0
2310,389,1.0
2311,389,0.99093566155427603714
2312,389,1.0
2313,389,1.0
2314,389,1.0
2315,389,1.0
2316,389,1.0
2307,390,1.0
2308,390,0.96503829860650736094
2309,390,1.0
2310,390,1.0
2311,390,5.1095373896671141267
2312,390,1.0
2313,390,1.0
2314,390,1.0
2315,390,1.0
2316,390,1.0
2307,391,1.0
2308,391,7.534174682246137955
2309,391,1.0
2310,391,1.0
2311,391,2.7792707841836734595
2312,391,1.0
2313,391,1.0
2314,391,1.0
2315,391,1.0
2316,391,1.0
2307,392,1.0
2308,392,0.95723892827629208924
2309,392,1.0
2310,392,1.0
2311,392,5.171172485200823843
2312,392,1.0
2313,392,1.0
2314,392,1.0
2315,392,1.0
2316,392,1.0
2307,393,1.0
2308,393,1.0
2309,393,1.0
2310,393,1.0
2311,393,0.98998632329340918723
2312,393,1.0
2313,393,1.0
2314,393,1.0
2315,393,1.0
2316,393,1.0
2307,394,1.0
2308,394,1.0
2309,394,1.0
2310,394,1.0
2311,394,1.0
2312,394,1.0
2313,394,1.0
2314,394,1.0
2315,394,1.0
2316,394,1.0
2307,395,1.0
2308,395,1.0
2309,395,1.0
2310,395,1.0
2311,395,1.0
2312,395,1.0
2313,395,1.0
2314,395,1.0
2315,395,1.0
2316,395,1.0
2307,396,1.0
2308,396,1.0
2309,396,1.0
2310,396,1.0
2311,396,1.0
2312,396,1.0
2313,396,1.0
2314,396,1.0
2315,396,1.0
2316,396,1.0
2307,397,1.0
2308,397,1.0
2309,397,1.0
2310,397,1.0
2311,397,1.0
2312,397,1.0
2313,397,1.0
2314,397,1.0
2315,397,1.0
2316,397,1.0
2307,398,1.0
2308,398,1.0
2309,398,1.0
2310,398,1.0
2311,398,1.0
2312,398,1.0
2313,398,1.0
2314,398,1.0
2315,398,1.0
2316,398,1.0
2307,399,1.0
2308,399,1.0
2309,399,1.0
2310,399,1.0
2311,399,1.0
2312,399,1.0
2313,399,1.0
2314,399,1.0
2315,399,1.0
2316,399,1.0
2307,400,1.0
2308,400,1.0
2309,400,1.0
2310,400,1.0
2311,400,1.0
2312,400,1.0
2313,400,1.0
2314,400,1.0
2315,400,1.0
2316,400,1.0
2307,401,1.0
2308,401,1.0
2309,401,1.0
2310,401,1.0
2311,401,0.97202252289829049747
2312,401,1.0
2313,401,1.0
2314,401,1.0
2315,401,1.0
2316,401,1.0
2307,402,1.0
2308,402,0.95237512094429788156
2309,402,1.0
2310,402,1.0
2311,402,4.7766030487105863855
2312,402,1.0
2313,402,1.0
2314,402,1.0
2315,402,1.0
2316,402,1.0
2307,403,1.0
2308,403,6.379351149810523758
2309,403,1.0
2310,403,1.0
2311,403,4.7766030487105863855
2312,403,1.0
2313,403,1.0
2314,403,1.0
2315,403,1.0
2316,403,1.0
2307,404,1.0
2308,404,8.445780209231063651
2309,404,1.0
2310,404,1.0
2311,404,0.966746485577181347
2312,404,1.0
2313,404,1.0
2314,404,1.0
2315,404,1.0
2316,404,1.0
2307,405,1.0
2308,405,1.0
2309,405,1.0
2310,405,1.0
2311,405,1.0
2312,405,1.0
2313,405,1.0
2314,405,1.0
2315,405,1.0
2316,405,1.0
2307,406,1.0
2308,406,1.0
2309,406,1.0
2310,406,1.0
2311,406,1.0
2312,406,1.0
2313,406,1.0
2314,406,1.0
2315,406,1.0
2316,406,1.0
2307,407,1.0
2308,407,1.0
2309,407,1.0
2310,407,1.0
2311,407,1.0
2312,407,1.0
2313,407,1.0
2314,407,1.0
2315,407,1.0
2316,407,1.0
2307,408,1.0
2308,408,1.0
2309,408,1.0
2310,408,1.0
2311,408,1.0
2312,408,1.0
2313,408,1.0
2314,408,1.0
2315,408,1.0
2316,408,1.0
2307,409,1.0
2308,409,1.0
2309,409,1.0
2310,409,1.0
2311,409,1.0
2312,409,1.0
2313,409,1.0
2314,409,1.0
2315,409,1.0
2316,409,1.0
2307,410,1.0
2308,410,1.0
2309,410,1.0
2310,410,1.0
2311,410,1.0
2312,410,1.0
2313,410,1.0
2314,410,1.0
2315,410,1.0
2316,410,1.0
2307,411,1.0
2308,411,1.0
2309,411,1.0
2310,411,1.0
2311,411,1.0
2312,411,1.0
2313,411,1.0
2314,411,1.0
2315,411,1.0
2316,411,1.0
2307,412,1.0
2308,412,1.0
2309,412,1.0
2310,412,1.0
2311,412,1.0
2312,412,1.0
2313,412,1.0
2314,412,1.0
2315,412,1.0
2316,412,1.0
2307,413,1.0
2308,413,1.0
2309,413,1.0
2310,413,1.0
2311,413,2.8717063389813222152
2312,413,1.0
2313,413,1.0
2314,413,1.0
2315,413,1.0
2316,413,1.0
2307,414,1.0
2308,414,0.9652099053928134831
2309,414,1.0
2310,414,1.0
2311,414,4.5221943899527241584
2312,414,1.0
2313,414,1.0
2314,414,1.0
2315,414,1.0
2316,414,1.0
2307,415,1.0
2308,415,8.445780209231063651
2309,415,1.0
2310,415,1.0
2311,415,5.5828609700004072636
2312,415,1.0
2313,415,1.0
2314,415,1.0
2315,415,1.0
2316,415,1.0
2307,416,1.0
2308,416,9.238303080619980179
2309,416,1.0
2310,416,1.0
2311,416,0.98998632329340918723
2312,416,1.0
2313,416,1.0
2314,416,1.0
2315,416,1.0
2316,416,1.0
2307,417,1.0
2308,417,0.99453834440558563923
2309,417,1.0
2310,417,1.0
2311,417,1.0
2312,417,1.0
2313,417,1.0
2314,417,1.0
2315,417,1.0
2316,417,1.0
2307,418,1.0
2308,418,1.0
2309,418,1.0
2310,418,1.0
2311,418,1.0
2312,418,1.0
2313,418,1.0
2314,418,1.0
2315,418,1.0
2316,418,1.0
2307,419,1.0
2308,419,1.0
2309,419,1.0
2310,419,1.0
2311,419,1.0
2312,419,1.0
2313,419,1.0
2314,419,1.0
2315,419,1.0
2316,419,1.0
2307,420,1.0
2308,420,1.0
2309,420,1.0
2310,420,1.0
2311,420,1.0
2312,420,1.0
2313,420,1.0
2314,420,1.0
2315,420,1.0
2316,420,1.0
2307,421,1.0
2308,421,1.0
2309,421,1.0
2310,421,1.0
2311,421,1.0
2312,421,1.0
2313,421,1.0
2314,421,1.0
2315,421,1.0
2316,421,1.0
2307,422,1.0
2308,422,1.0
2309,422,1.0
2310,422,1.0
2311,422,1.0
2312,422,1.0
2313,422,1.0
2314,422,1.0
2315,422,1.0
2316,422,1.0
2307,423,1.0
2308,423,1.0
2309,423,1.0
2310,423,1.0
2311,423,1.0
2312,423,1.0
2313,423,1.0
2314,423,1.0
2315,423,1.0
2316,423,1.0
2307,424,1.0
2308,424,1.0
2309,424,1.0
2310,424,1.0
2311,424,1.0
2312,424,1.0
2313,424,1.0
2314,424,1.0
2315,424,1.0
2316,424,1.0
2307,425,1.0
2308,425,1.0
2309,425,1.0
2310,425,1.0
2311,425,0.9847926361480933144
2312,425,1.0
2313,425,1.0
2314,425,1.0
2315,425,1.0
2316,425,1.0
2307,426,1.0
2308,426,1.0
2309,426,1.0
2310,426,1.0
2311,426,4.9103990612812493666
2312,426,1.0
2313,426,1.0
2314,426,1.0
2315,426,1.0
2316,426,1.0
2307,427,1.0
2308,427,0.9652099053928134831
2309,427,1.0
2310,427,1.0
2311,427,0.96312195495237973297
2312,427,1.0
2313,427,1.0
2314,427,1.0
2315,427,1.0
2316,427,1.0
2307,428,1.0
2308,428,0.96924057359121451594
2309,428,1.0
2310,428,1.0
2311,428,1.0
2312,428,1.0
2313,428,1.0
2314,428,1.0
2315,428,1.0
2316,428,1.0
2307,429,1.0
2308,429,1.0
2309,429,1.0
2310,429,1.0
2311,429,1.0
2312,429,1.0
2313,429,1.0
2314,429,1.0
2315,429,1.0
2316,429,1.0
2307,430,1.0
2308,430,1.0
2309,430,1.0
2310,430,1.0
2311,430,1.0
2312,430,1.0
2313,430,1.0
2314,430,1.0
2315,430,1.0
2316,430,1.0
2307,431,1.0
2308,431,1.0
2309,431,1.0
2310,431,1.0
2311,431,1.0
2312,431,1.0
2313,431,1.0
2314,431,1.0
2315,431,1.0
2316,431,1.0
2307,432,1.0
2308,432,1.0
2309,432,1.0
2310,432,1.0
2311,432,1.0
2312,432,1.0
2313,432,1.0
2314,432,1.0
2315,432,1.0
2316,432,1.0
2307,433,1.0
2308,433,1.0
2309,433,1.0
2310,433,1.0
2311,433,1.0
2312,433,1.0
2313,433,1.0
2314,433,1.0
2315,433,1.0
2316,433,1.0
2307,434,1.0
2308,434,1.0
2309,434,1.0
2310,434,1.0
2311,434,1.0
2312,434,1.0
2313,434,1.0
2314,434,1.0
2315,434,1.0
2316,434,1.0
2307,435,1.0
2308,435,1.0
2309,435,1.0
2310,435,1.0
2311,435,1.0
2312,435,1.0
2313,435,1.0
2314,435,1.0
2315,435,1.0
2316,435,1.0
2307,436,1.0
2308,436,1.0
2309,436,1.0
2310,436,1.0
2311,436,1.0
2312,436,1.0
2313,436,1.0
2314,436,1.0
2315,436,1.0
2316,436,1.0
2307,437,1.0
2308,437,1.0
2309,437,1.0
2310,437,1.0
2311,437,1.0
2312,437,1.0
2313,437,1.0
2314,437,1.0
2315,437,1.0
2316,437,1.0
2307,438,1.0
2308,438,1.0
2309,438,1.0
2310,438,1.0
2311,438,1.0
2312,438,1.0
2313,438,1.0
2314,438,1.0
2315,438,1.0
2316,438,1.0
2307,439,1.0
2308,439,1.0
2309,439,1.0
2310,439,1.0
2311,439,1.0
2312,439,1.0
2313,439,1.0
2314,439,1.0
2315,439,1.0
2316,439,1.0
2307,440,1.0
2308,440,0.98142544528433184325
2309,440,1.0
2310,440,1.0
2311,440,1.0
2312,440,1.0
2313,440,1.0
2314,440,1.0
2315,440,1.0
2316,440,1.0
2307,441,1.0
2308,441,1.0
2309,441,1.0
2310,441,1.0
2311,441,1.0
2312,441,1.0
2313,441,1.0
2314,441,1.0
2315,441,1.0
2316,441,1.0
2307,442,1.0
2308,442,1.0
2309,442,1.0
2310,442,1.0
2311,442,1.0
2312,442,1.0
2313,442,1.0
2314,442,1.0
2315,442,1.0
2316,442,1.0
2307,443,1.0
2308,443,1.0
2309,443,1.0
2310,443,1.0
2311,443,1.0
2312,443,1.0
2313,443,1.0
2314,443,1.0
2315,443,1.0
2316,443,1.0
2307,444,1.0
2308,444,1.0
2309,444,1.0
2310,444,1.0
2311,444,1.0
2312,444,1.0
2313,444,1.0
2314,444,1.0
2315,444,1.0
2316,444,1.0
2307,445,1.0
2308,445,1.0
2309,445,1.0
2310,445,1.0
2311,445,1.0
2312,445,1.0
2313,445,1.0
2314,445,1.0
2315,445,1.0
2316,445,1.0
2307,446,1.0
2308,446,1.0
2309,446,1.0
2310,446,1.0
2311,446,1.0
2312,446,1.0
2313,446,1.0
2314,446,1.0
2315,446,1.0
2316,446,1.0
2307,447,1.0
2308,447,1.0
2309,447,1.0
2310,447,1.0
2311,447,1.0
2312,447,1.0
2313,447,1.0
2314,447,1.0
2315,447,1.0
2316,447,1.0
2307,448,1.0
2308,448,1.0
2309,448,1.0
2310,448,1.0
2311,448,1.0
2312,448,1.0
2313,448,1.0
2314,448,1.0
2315,448,1.0
2316,448,1.0
2307,449,1.0
2308,449,1.0
2309,449,1.0
2310,449,1.0
2311,449,1.0
2312,449,1.0
2313,449,1.0
2314,449,1.0
2315,449,1.0
2316,449,1.0
2307,450,1.0
2308,450,1.0
2309,450,1.0
2310,450,1.0
2311,450,0.98560157700882489173
2312,450,1.0
2313,450,1.0
2314,450,1.0
2315,450,1.0
2316,450,1.0
2307,451,1.0
2308,451,6.5294968513051721004
2309,451,1.0
2310,451,1.0
2311,451,0.9879015053163522353
2312,451,1.0
2313,451,1.0
2314,451,1.0
2315,451,1.0
2316,451,1.0
2307,452,1.0
2308,452,0.92442629748041271753
2309,452,1.0
2310,452,1.0
2311,452,1.0
2312,452,1.0
2313,452,1.0
2314,452,1.0
2315,452,1.0
2316,452,1.0
2307,453,1.0
2308,453,1.0
2309,453,1.0
2310,453,1.0
2311,453,1.0
2312,453,1.0
2313,453,1.0
2314,453,1.0
2315,453,1.0
2316,453,1.0
2307,454,1.0
2308,454,1.0
2309,454,1.0
2310,454,1.0
2311,454,0.98509189274226127697
2312,454,1.0
2313,454,1.0
2314,454,1.0
2315,454,1.0
2316,454,1.0
2307,455,1.0
2308,455,1.0
2309,455,1.0
2310,455,1.0
2311,455,0.95285549882009634715
2312,455,1.0
2313,455,1.0
2314,455,1.0
2315,455,1.0
2316,455,1.0
2307,456,1.0
2308,456,1.0
2309,456,1.0
2310,456,1.0
2311,456,0.9967561226414823894
2312,456,1.0
2313,456,1.0
2314,456,1.0
2315,456,1.0
2316,456,1.0
2307,457,1.0
2308,457,1.0
2309,457,1.0
2310,457,1.0
2311,457,1.0
2312,457,1.0
2313,457,1.0
2314,457,1.0
2315,457,1.0
2316,457,1.0
2307,458,1.0
2308,458,1.0
2309,458,1.0
2310,458,1.0
2311,458,1.0
2312,458,1.0
2313,458,1.0
2314,458,1.0
2315,458,1.0
2316,458,1.0
2307,459,1.0
2308,459,1.0
2309,459,1.0
2310,459,1.0
2311,459,1.0
2312,459,1.0
2313,459,1.0
2314,459,1.0
2315,459,1.0
2316,459,1.0
2307,460,1.0
2308,460,1.0
2309,460,1.0
2310,460,1.0
2311,460,1.0
2312,460,1.0
2313,460,1.0
2314,460,1.0
2315,460,1.0
2316,460,1.0
2307,461,1.0
2308,461,1.0
2309,461,1.0
2310,461,1.0
2311,461,0.97715869724597359536
2312,461,1.0
2313,461,1.0
2314,461,1.0
2315,461,1.0
2316,461,1.0
2307,462,1.0
2308,462,0.93270630968085233015
2309,462,1.0
2310,462,1.0
2311,462,3.407578104492575033
2312,462,1.0
2313,462,1.0
2314,462,1.0
2315,462,1.0
2316,462,1.0
2307,463,1.0
2308,463,6.2497680161559356904
2309,463,1.0
2310,463,1.0
2311,463,0.9792107693045667416
2312,463,1.0
2313,463,1.0
2314,463,1.0
2315,463,1.0
2316,463,1.0
2307,464,1.0
2308,464,0.95190702793659121017
2309,464,1.0
2310,464,1.0
2311,464,1.0
2312,464,1.0
2313,464,1.0
2314,464,1.0
2315,464,1.0
2316,464,1.0
2307,465,1.0
2308,465,1.0
2309,465,1.0
2310,465,1.0
2311,465,0.98509189274226127697
2312,465,1.0
2313,465,1.0
2314,465,1.0
2315,465,1.0
2316,465,1.0
2307,466,1.0
2308,466,1.0
2309,466,1.0
2310,466,1.0
2311,466,3.0750590365665235737
2312,466,1.0
2313,466,1.0
2314,466,1.0
2315,466,1.0
2316,466,1.0
2307,467,1.0
2308,467,1.0
2309,467,1.0
2310,467,1.0
2311,467,4.7578553819800317726
2312,467,1.0
2313,467,1.0
2314,467,1.0
2315,467,1.0
2316,467,1.0
2307,468,1.0
2308,468,1.0
2309,468,1.0
2310,468,1.0
2311,468,1.0
2312,468,1.0
2313,468,1.0
2314,468,1.0
2315,468,1.0
2316,468,1.0
2307,469,1.0
2308,469,1.0
2309,469,1.0
2310,469,1.0
2311,469,1.0
2312,469,1.0
2313,469,1.0
2314,469,1.0
2315,469,1.0
2316,469,1.0
2307,470,1.0
2308,470,1.0
2309,470,1.0
2310,470,1.0
2311,470,1.0
2312,470,1.0
2313,470,1.0
2314,470,1.0
2315,470,1.0
2316,470,1.0
2307,471,1.0
2308,471,1.0
2309,471,1.0
2310,471,1.0
2311,471,1.0
2312,471,1.0
2313,471,1.0
2314,471,1.0
2315,471,1.0
2316,471,1.0
2307,472,1.0
2308,472,1.0
2309,472,1.0
2310,472,1.0
2311,472,1.0
2312,472,1.0
2313,472,1.0
2314,472,1.0
2315,472,1.0
2316,472,1.0
2307,473,1.0
2308,473,1.0
2309,473,1.0
2310,473,1.0
2311,473,2.6352466651479047322
2312,473,1.0
2313,473,1.0
2314,473,1.0
2315,473,1.0
2316,473,1.0
2307,474,1.0
2308,474,0.93270630968085233015
2309,474,1.0
2310,474,1.0
2311,474,2.8239788618812000642
2312,474,1.0
2313,474,1.0
2314,474,1.0
2315,474,1.0
2316,474,1.0
2307,475,1.0
2308,475,7.9925058837727682715
2309,475,1.0
2310,475,1.0
2311,475,0.99549024125795915197
2312,475,1.0
2313,475,1.0
2314,475,1.0
2315,475,1.0
2316,475,1.0
2307,476,1.0
2308,476,0.9276403932907959504
2309,476,1.0
2310,476,1.0
2311,476,1.0
2312,476,1.0
2313,476,1.0
2314,476,1.0
2315,476,1.0
2316,476,1.0
2307,477,1.0
2308,477,1.0
2309,477,1.0
2310,477,1.0
2311,477,3.3603639403179972334
2312,477,1.0
2313,477,1.0
2314,477,1.0
2315,477,1.0
2316,477,1.0
2307,478,1.0
2308,478,1.0
2309,478,1.0
2310,478,1.0
2311,478,2.6433885851601490735
2312,478,1.0
2313,478,1.0
2314,478,1.0
2315,478,1.0
2316,478,1.0
2307,479,1.0
2308,479,1.0
2309,479,1.0
2310,479,1.0
2311,479,0.96472064276028668406
2312,479,1.0
2313,479,1.0
2314,479,1.0
2315,479,1.0
2316,479,1.0
2307,480,1.0
2308,480,1.0
2309,480,1.0
2310,480,1.0
2311,480,1.0
2312,480,1.0
2313,480,1.0
2314,480,1.0
2315,480,1.0
2316,480,1.0
2307,481,1.0
2308,481,1.0
2309,481,1.0
2310,481,1.0
2311,481,1.0
2312,481,1.0
2313,481,1.0
2314,481,1.0
2315,481,1.0
2316,481,1.0
2307,482,1.0
2308,482,1.0
2309,482,1.0
2310,482,1.0
2311,482,1.0
2312,482,1.0
2313,482,1.0
2314,482,1.0
2315,482,1.0
2316,482,1.0
2307,483,1.0
2308,483,1.0
2309,483,1.0
2310,483,1.0
2311,483,1.0
2312,483,1.0
2313,483,1.0
2314,483,1.0
2315,483,1.0
2316,483,1.0
2307,484,1.0
2308,484,1.0
2309,484,1.0
2310,484,1.0
2311,484,2.70999001429250308
2312,484,1.0
2313,484,1.0
2314,484,1.0
2315,484,1.0
2316,484,1.0
2307,485,1.0
2308,485,1.0
2309,485,1.0
2310,485,1.0
2311,485,2.6352466651479047322
2312,485,1.0
2313,485,1.0
2314,485,1.0
2315,485,1.0
2316,485,1.0
2307,486,1.0
2308,486,0.94592739685664428695
2309,486,1.0
2310,486,1.0
2311,486,4.575272116479914608
2312,486,1.0
2313,486,1.0
2314,486,1.0
2315,486,1.0
2316,486,1.0
2307,487,1.0
2308,487,5.8706453667270990238
2309,487,1.0
2310,487,1.0
2311,487,1.0
2312,487,1.0
2313,487,1.0
2314,487,1.0
2315,487,1.0
2316,487,1.0
2307,488,1.0
2308,488,0.9598806531055043001
2309,488,1.0
2310,488,1.0
2311,488,0.9832044538163936531
2312,488,1.0
2313,488,1.0
2314,488,1.0
2315,488,1.0
2316,488,1.0
2307,489,1.0
2308,489,1.0
2309,489,1.0
2310,489,1.0
2311,489,2.6352466651479047322
2312,489,1.0
2313,489,1.0
2314,489,1.0
2315,489,1.0
2316,489,1.0
2307,490,1.0
2308,490,1.0
2309,490,1.0
2310,490,1.0
2311,490,2.718501445705872488
2312,490,1.0
2313,490,1.0
2314,490,1.0
2315,490,1.0
2316,490,1.0
2307,491,1.0
2308,491,1.0
2309,491,1.0
2310,491,1.0
2311,491,0.99403660853253827945
2312,491,1.0
2313,491,1.0
2314,491,1.0
2315,491,1.0
2316,491,1.0
2307,492,1.0
2308,492,1.0
2309,492,1.0
2310,492,1.0
2311,492,1.0
2312,492,1.0
2313,492,1.0
2314,492,1.0
2315,492,1.0
2316,492,1.0
2307,493,1.0
2308,493,1.0
2309,493,1.0
2310,493,1.0
2311,493,1.0
2312,493,1.0
2313,493,1.0
2314,493,1.0
2315,493,1.0
2316,493,1.0
2307,494,1.0
2308,494,1.0
2309,494,1.0
2310,494,1.0
2311,494,1.0
2312,494,1.0
2313,494,1.0
2314,494,1.0
2315,494,1.0
2316,494,1.0
2307,495,1.0
2308,495,1.0
2309,495,1.0
2310,495,1.0
2311,495,3.2574582379816154898
2312,495,1.0
2313,495,1.0
2314,495,1.0
2315,495,1.0
2316,495,1.0
2307,496,1.0
2308,496,1.0
2309,496,1.0
2310,496,1.0
2311,496,2.6352466651479047322
2312,496,1.0
2313,496,1.0
2314,496,1.0
2315,496,1.0
2316,496,1.0
2307,497,1.0
2308,497,1.0
2309,497,1.0
2310,497,1.0
2311,497,2.651570767940182094
2312,497,1.0
2313,497,1.0
2314,497,1.0
2315,497,1.0
2316,497,1.0
2307,498,1.0
2308,498,0.93270630968085233015
2309,498,1.0
2310,498,1.0
2311,498,0.964195477915223198
2312,498,1.0
2313,498,1.0
2314,498,1.0
2315,498,1.0
2316,498,1.0
2307,499,1.0
2308,499,7.6944269339154063303
2309,499,1.0
2310,499,1.0
2311,499,0.98983562525289581213
2312,499,1.0
2313,499,1.0
2314,499,1.0
2315,499,1.0
2316,499,1.0
2307,500,1.0
2308,500,0.9240608022793956877
2309,500,1.0
2310,500,1.0
2311,500,2.651570767940182094
2312,500,1.0
2313,500,1.0
2314,500,1.0
2315,500,1.0
2316,500,1.0
2307,501,1.0
2308,501,1.0
2309,501,1.0
2310,501,1.0
2311,501,2.6352466651479047322
2312,501,1.0
2313,501,1.0
2314,501,1.0
2315,501,1.0
2316,501,1.0
2307,502,1.0
2308,502,1.0
2309,502,1.0
2310,502,1.0
2311,502,4.062229845032424791
2312,502,1.0
2313,502,1.0
2314,502,1.0
2315,502,1.0
2316,502,1.0
2307,503,1.0
2308,503,1.0
2309,503,1.0
2310,503,1.0
2311,503,0.97402210606760464273
2312,503,1.0
2313,503,1.0
2314,503,1.0
2315,503,1.0
2316,503,1.0
2307,504,1.0
2308,504,1.0
2309,504,1.0
2310,504,1.0
2311,504,1.0
2312,504,1.0
2313,504,1.0
2314,504,1.0
2315,504,1.0
2316,504,1.0
2307,505,1.0
2308,505,1.0
2309,505,1.0
2310,505,1.0
2311,505,1.0
2312,505,1.0
2313,505,1.0
2314,505,1.0
2315,505,1.0
2316,505,1.0
2307,506,1.0
2308,506,1.0
2309,506,1.0
2310,506,1.0
2311,506,0.9810799643083070176
2312,506,1.0
2313,506,1.0
2314,506,1.0
2315,506,1.0
2316,506,1.0
2307,507,1.0
2308,507,1.0
2309,507,1.0
2310,507,1.0
2311,507,2.651570767940182094
2312,507,1.0
2313,507,1.0
2314,507,1.0
2315,507,1.0
2316,507,1.0
2307,508,1.0
2308,508,1.0
2309,508,1.0
2310,508,1.0
2311,508,2.6352466651479047322
2312,508,1.0
2313,508,1.0
2314,508,1.0
2315,508,1.0
2316,508,1.0
2307,509,1.0
2308,509,1.0
2309,509,1.0
2310,509,1.0
2311,509,4.702152067223932974
2312,509,1.0
2313,509,1.0
2314,509,1.0
2315,509,1.0
2316,509,1.0
2307,510,1.0
2308,510,0.9323795259200469143
2309,510,1.0
2310,510,1.0
2311,510,0.95444586920219831594
2312,510,1.0
2313,510,1.0
2314,510,1.0
2315,510,1.0
2316,510,1.0
2307,511,1.0
2308,511,6.5931884828770437323
2309,511,1.0
2310,511,1.0
2311,511,2.651570767940182094
2312,511,1.0
2313,511,1.0
2314,511,1.0
2315,511,1.0
2316,511,1.0
2307,512,1.0
2308,512,0.9453975847993676407
2309,512,1.0
2310,512,1.0
2311,512,2.6352466651479047322
2312,512,1.0
2313,512,1.0
2314,512,1.0
2315,512,1.0
2316,512,1.0
2307,513,1.0
2308,513,1.0
2309,513,1.0
2310,513,1.0
2311,513,2.6930925275437131994
2312,513,1.0
2313,513,1.0
2314,513,1.0
2315,513,1.0
2316,513,1.0
2307,514,1.0
2308,514,1.0
2309,514,1.0
2310,514,1.0
2311,514,2.7529698601311292094
2312,514,1.0
2313,514,1.0
2314,514,1.0
2315,514,1.0
2316,514,1.0
2307,515,1.0
2308,515,1.0
2309,515,1.0
2310,515,1.0
2311,515,1.0
2312,515,1.0
2313,515,1.0
2314,515,1.0
2315,515,1.0
2316,515,1.0
2307,516,1.0
2308,516,1.0
2309,516,1.0
2310,516,1.0
2311,516,1.0
2312,516,1.0
2313,516,1.0
2314,516,1.0
2315,516,1.0
2316,516,1.0
2307,517,1.0
2308,517,1.0
2309,517,1.0
2310,517,1.0
2311,517,1.0
2312,517,1.0
2313,517,1.0
2314,517,1.0
2315,517,1.0
2316,517,1.0
2307,518,1.0
2308,518,1.0
2309,518,1.0
2310,518,1.0
2311,518,0.9620167737347196102
2312,518,1.0
2313,518,1.0
2314,518,1.0
2315,518,1.0
2316,518,1.0
2307,519,1.0
2308,519,1.0
2309,519,1.0
2310,519,1.0
2311,519,3.783800583034994336
2312,519,1.0
2313,519,1.0
2314,519,1.0
2315,519,1.0
2316,519,1.0
2307,520,1.0
2308,520,1.0
2309,520,1.0
2310,520,1.0
2311,520,0.9733717971745209363
2312,520,1.0
2313,520,1.0
2314,520,1.0
2315,520,1.0
2316,520,1.0
2307,521,1.0
2308,521,1.0
2309,521,1.0
2310,521,1.0
2311,521,0.95444586920219831594
2312,521,1.0
2313,521,1.0
2314,521,1.0
2315,521,1.0
2316,521,1.0
2307,522,1.0
2308,522,0.9395206174240232633
2309,522,1.0
2310,522,1.0
2311,522,4.7391979445747596245
2312,522,1.0
2313,522,1.0
2314,522,1.0
2315,522,1.0
2316,522,1.0
2307,523,1.0
2308,523,0.9122716195756499502
2309,523,1.0
2310,523,1.0
2311,523,2.6352466651479047322
2312,523,1.0
2313,523,1.0
2314,523,1.0
2315,523,1.0
2316,523,1.0
2307,524,1.0
2308,524,0.9598806531055043001
2309,524,1.0
2310,524,1.0
2311,524,2.6352466651479047322
2312,524,1.0
2313,524,1.0
2314,524,1.0
2315,524,1.0
2316,524,1.0
2307,525,1.0
2308,525,1.0
2309,525,1.0
2310,525,1.0
2311,525,2.8149489332947124076
2312,525,1.0
2313,525,1.0
2314,525,1.0
2315,525,1.0
2316,525,1.0
2307,526,1.0
2308,526,1.0
2309,526,1.0
2310,526,1.0
2311,526,1.0
2312,526,1.0
2313,526,1.0
2314,526,1.0
2315,526,1.0
2316,526,1.0
2307,527,1.0
2308,527,1.0
2309,527,1.0
2310,527,1.0
2311,527,1.0
2312,527,1.0
2313,527,1.0
2314,527,1.0
2315,527,1.0
2316,527,1.0
2307,528,1.0
2308,528,1.0
2309,528,1.0
2310,528,1.0
2311,528,1.0
2312,528,1.0
2313,528,1.0
2314,528,1.0
2315,528,1.0
2316,528,1.0
2307,529,1.0
2308,529,1.0
2309,529,1.0
2310,529,1.0
2311,529,1.0
2312,529,1.0
2313,529,1.0
2314,529,1.0
2315,529,1.0
2316,529,1.0
2307,530,1.0
2308,530,1.0
2309,530,1.0
2310,530,1.0
2311,530,0.9935089790026557788
2312,530,1.0
2313,530,1.0
2314,530,1.0
2315,530,1.0
2316,530,1.0
2307,531,1.0
2308,531,1.0
2309,531,1.0
2310,531,1.0
2311,531,1.0
2312,531,1.0
2313,531,1.0
2314,531,1.0
2315,531,1.0
2316,531,1.0
2307,532,1.0
2308,532,1.0
2309,532,1.0
2310,532,1.0
2311,532,1.0
2312,532,1.0
2313,532,1.0
2314,532,1.0
2315,532,1.0
2316,532,1.0
2307,533,1.0
2308,533,1.0
2309,533,1.0
2310,533,1.0
2311,533,0.9935089790026557788
2312,533,1.0
2313,533,1.0
2314,533,1.0
2315,533,1.0
2316,533,1.0
2307,534,1.0
2308,534,0.9652099053928134831
2309,534,1.0
2310,534,1.0
2311,534,3.2912565770378363617
2312,534,1.0
2313,534,1.0
2314,534,1.0
2315,534,1.0
2316,534,1.0
2307,535,1.0
2308,535,0.9320512079704206254
2309,535,1.0
2310,535,1.0
2311,535,2.6352466651479047322
2312,535,1.0
2313,535,1.0
2314,535,1.0
2315,535,1.0
2316,535,1.0
2307,536,1.0
2308,536,0.9423920592394906537
2309,536,1.0
2310,536,1.0
2311,536,2.8605466131098369331
2312,536,1.0
2313,536,1.0
2314,536,1.0
2315,536,1.0
2316,536,1.0
2307,537,1.0
2308,537,0.99453834440558563923
2309,537,1.0
2310,537,1.0
2311,537,1.0
2312,537,1.0
2313,537,1.0
2314,537,1.0
2315,537,1.0
2316,537,1.0
2307,538,1.0
2308,538,1.0
2309,538,1.0
2310,538,1.0
2311,538,1.0
2312,538,1.0
2313,538,1.0
2314,538,1.0
2315,538,1.0
2316,538,1.0
2307,539,1.0
2308,539,1.0
2309,539,1.0
2310,539,1.0
2311,539,1.0
2312,539,1.0
2313,539,1.0
2314,539,1.0
2315,539,1.0
2316,539,1.0
2307,540,1.0
2308,540,1.0
2309,540,1.0
2310,540,1.0
2311,540,1.0
2312,540,1.0
2313,540,1.0
2314,540,1.0
2315,540,1.0
2316,540,1.0
2307,541,1.0
2308,541,1.0
2309,541,1.0
2310,541,1.0
2311,541,1.0
2312,541,1.0
2313,541,1.0
2314,541,1.0
2315,541,1.0
2316,541,1.0
2307,542,1.0
2308,542,1.0
2309,542,1.0
2310,542,1.0
2311,542,1.0
2312,542,1.0
2313,542,1.0
2314,542,1.0
2315,542,1.0
2316,542,1.0
2307,543,1.0
2308,543,1.0
2309,543,1.0
2310,543,1.0
2311,543,1.0
2312,543,1.0
2313,543,1.0
2314,543,1.0
2315,543,1.0
2316,543,1.0
2307,544,1.0
2308,544,1.0
2309,544,1.0
2310,544,1.0
2311,544,1.0
2312,544,1.0
2313,544,1.0
2314,544,1.0
2315,544,1.0
2316,544,1.0
2307,545,1.0
2308,545,1.0
2309,545,1.0
2310,545,1.0
2311,545,0.99047276257077720985
2312,545,1.0
2313,545,1.0
2314,545,1.0
2315,545,1.0
2316,545,1.0
2307,546,1.0
2308,546,0.96503829860650736094
2309,546,1.0
2310,546,1.0
2311,546,2.6352466651479047322
2312,546,1.0
2313,546,1.0
2314,546,1.0
2315,546,1.0
2316,546,1.0
2307,547,1.0
2308,547,8.1290620825236192815
2309,547,1.0
2310,547,1.0
2311,547,2.6352466651479047322
2312,547,1.0
2313,547,1.0
2314,547,1.0
2315,547,1.0
2316,547,1.0
2307,548,1.0
2308,548,7.958763337444599628
2309,548,1.0
2310,548,1.0
2311,548,0.9939467097838183829
2312,548,1.0
2313,548,1.0
2314,548,1.0
2315,548,1.0
2316,548,1.0
2307,549,1.0
2308,549,1.0
2309,549,1.0
2310,549,1.0
2311,549,1.0
2312,549,1.0
2313,549,1.0
2314,549,1.0
2315,549,1.0
2316,549,1.0
2307,550,1.0
2308,550,1.0
2309,550,1.0
2310,550,1.0
2311,550,1.0
2312,550,1.0
2313,550,1.0
2314,550,1.0
2315,550,1.0
2316,550,1.0
2307,551,1.0
2308,551,1.0
2309,551,1.0
2310,551,1.0
2311,551,1.0
2312,551,1.0
2313,551,1.0
2314,551,1.0
2315,551,1.0
2316,551,1.0
2307,552,1.0
2308,552,1.0
2309,552,1.0
2310,552,1.0
2311,552,1.0
2312,552,1.0
2313,552,1.0
2314,552,1.0
2315,552,1.0
2316,552,1.0
2307,553,1.0
2308,553,1.0
2309,553,1.0
2310,553,1.0
2311,553,1.0
2312,553,1.0
2313,553,1.0
2314,553,1.0
2315,553,1.0
2316,553,1.0
2307,554,1.0
2308,554,1.0
2309,554,1.0
2310,554,1.0
2311,554,1.0
2312,554,1.0
2313,554,1.0
2314,554,1.0
2315,554,1.0
2316,554,1.0
2307,555,1.0
2308,555,1.0
2309,555,1.0
2310,555,1.0
2311,555,1.0
2312,555,1.0
2313,555,1.0
2314,555,1.0
2315,555,1.0
2316,555,1.0
2307,556,1.0
2308,556,1.0
2309,556,1.0
2310,556,1.0
2311,556,1.0
2312,556,1.0
2313,556,1.0
2314,556,1.0
2315,556,1.0
2316,556,1.0
2307,557,1.0
2308,557,1.0
2309,557,1.0
2310,557,1.0
2311,557,5.1919159926833584606
2312,557,1.0
2313,557,1.0
2314,557,1.0
2315,557,1.0
2316,557,1.0
2307,558,1.0
2308,558,0.95237512094429788156
2309,558,1.0
2310,558,1.0
2311,558,2.6352466651479047322
2312,558,1.0
2313,558,1.0
2314,558,1.0
2315,558,1.0
2316,558,1.0
2307,559,1.0
2308,559,6.0982802842601904203
2309,559,1.0
2310,559,1.0
2311,559,3.7978241339484934969
2312,559,1.0
2313,559,1.0
2314,559,1.0
2315,559,1.0
2316,559,1.0
2307,560,1.0
2308,560,7.7488300051274823232
2309,560,1.0
2310,560,1.0
2311,560,1.0
2312,560,1.0
2313,560,1.0
2314,560,1.0
2315,560,1.0
2316,560,1.0
2307,561,1.0
2308,561,1.0
2309,561,1.0
2310,561,1.0
2311,561,1.0
2312,561,1.0
2313,561,1.0
2314,561,1.0
2315,561,1.0
2316,561,1.0
2307,562,1.0
2308,562,1.0
2309,562,1.0
2310,562,1.0
2311,562,1.0
2312,562,1.0
2313,562,1.0
2314,562,1.0
2315,562,1.0
2316,562,1.0
2307,563,1.0
2308,563,1.0
2309,563,1.0
2310,563,1.0
2311,563,1.0
2312,563,1.0
2313,563,1.0
2314,563,1.0
2315,563,1.0
2316,563,1.0
2307,564,1.0
2308,564,1.0
2309,564,1.0
2310,564,1.0
2311,564,1.0
2312,564,1.0
2313,564,1.0
2314,564,1.0
2315,564,1.0
2316,564,1.0
2307,565,1.0
2308,565,1.0
2309,565,1.0
2310,565,1.0
2311,565,1.0
2312,565,1.0
2313,565,1.0
2314,565,1.0
2315,565,1.0
2316,565,1.0
2307,566,1.0
2308,566,1.0
2309,566,1.0
2310,566,1.0
2311,566,1.0
2312,566,1.0
2313,566,1.0
2314,566,1.0
2315,566,1.0
2316,566,1.0
2307,567,1.0
2308,567,1.0
2309,567,1.0
2310,567,1.0
2311,567,1.0
2312,567,1.0
2313,567,1.0
2314,567,1.0
2315,567,1.0
2316,567,1.0
2307,568,1.0
2308,568,1.0
2309,568,1.0
2310,568,1.0
2311,568,1.0
2312,568,1.0
2313,568,1.0
2314,568,1.0
2315,568,1.0
2316,568,1.0
2307,569,1.0
2308,569,1.0
2309,569,1.0
2310,569,1.0
2311,569,0.95308598058665561226
2312,569,1.0
2313,569,1.0
2314,569,1.0
2315,569,1.0
2316,569,1.0
2307,570,1.0
2308,570,0.9652099053928134831
2309,570,1.0
2310,570,1.0
2311,570,3.407578104492575033
2312,570,1.0
2313,570,1.0
2314,570,1.0
2315,570,1.0
2316,570,1.0
2307,571,1.0
2308,571,0.91876193078688250804
2309,571,1.0
2310,571,1.0
2311,571,1.0
2312,571,1.0
2313,571,1.0
2314,571,1.0
2315,571,1.0
2316,571,1.0
2307,572,1.0
2308,572,1.0
2309,572,1.0
2310,572,1.0
2311,572,1.0
2312,572,1.0
2313,572,1.0
2314,572,1.0
2315,572,1.0
2316,572,1.0
2307,573,1.0
2308,573,1.0
2309,573,1.0
2310,573,1.0
2311,573,1.0
2312,573,1.0
2313,573,1.0
2314,573,1.0
2315,573,1.0
2316,573,1.0
2307,574,1.0
2308,574,1.0
2309,574,1.0
2310,574,1.0
2311,574,1.0
2312,574,1.0
2313,574,1.0
2314,574,1.0
2315,574,1.0
2316,574,1.0
2307,575,1.0
2308,575,1.0
2309,575,1.0
2310,575,1.0
2311,575,1.0
2312,575,1.0
2313,575,1.0
2314,575,1.0
2315,575,1.0
2316,575,1.0
2307,576,1.0
2308,576,1.0
2309,576,1.0
2310,576,1.0
2311,576,1.0
2312,576,1.0
2313,576,1.0
2314,576,1.0
2315,576,1.0
2316,576,1.0
